source;target;value;color;date
0;1;7892;#84B5B2;Wednesday, 15 March 2017
0;100;7860;#84B5B2;Thursday, 23 May 2019
1;2;6500;#D1605E;Saturday, 17 March 2018
1;101;9099;#E59244;Monday, 26 March 2018
2;3;1983;#E8C960;Monday, 1 February 2016
2;102;1368;#E8C960;Wednesday, 21 September 2016
3;4;9953;#5779A3;Tuesday, 23 October 2018
3;103;334;#D1605E;Tuesday, 21 May 2019
4;5;4741;#F2A2A8;Wednesday, 25 January 2017
4;104;5123;#84B5B2;Wednesday, 10 February 2016
5;6;349;#84B5B2;Thursday, 5 March 2020
5;105;108;#E59244;Monday, 2 September 2019
6;7;1863;#D1605E;Wednesday, 25 January 2017
6;106;9778;#F2A2A8;Thursday, 27 September 2018
7;8;3385;#6B9E59;Friday, 15 November 2019
7;107;3095;#5779A3;Friday, 3 February 2017
8;9;539;#A77D9F;Monday, 9 March 2020
8;108;9901;#84B5B2;Monday, 14 March 2016
9;10;9333;#A77D9F;Thursday, 17 December 2020
9;109;7285;#F2A2A8;Saturday, 13 June 2020
10;11;7149;#5779A3;Saturday, 9 November 2019
10;110;7228;#E59244;Saturday, 11 August 2018
11;12;7486;#84B5B2;Wednesday, 16 September 2020
11;111;9207;#E8C960;Wednesday, 10 June 2020
12;13;4001;#E8C960;Thursday, 7 December 2017
12;112;2511;#5779A3;Saturday, 10 June 2017
13;14;3472;#D1605E;Monday, 20 November 2017
13;113;3298;#6B9E59;Wednesday, 6 September 2017
14;15;1511;#D1605E;Wednesday, 4 May 2016
14;114;3861;#5779A3;Friday, 20 October 2017
15;16;8346;#E8C960;Wednesday, 5 September 2018
15;115;4054;#D1605E;Sunday, 22 January 2017
16;17;1058;#D1605E;Tuesday, 5 November 2019
16;116;7353;#E59244;Monday, 2 January 2017
17;18;6159;#D1605E;Thursday, 19 May 2016
17;117;3318;#A77D9F;Saturday, 20 February 2016
18;19;1851;#E8C960;Monday, 17 April 2017
18;118;1921;#84B5B2;Sunday, 28 April 2019
19;20;7926;#E59244;Monday, 18 July 2016
19;119;1588;#84B5B2;Friday, 9 June 2017
20;21;5138;#D1605E;Thursday, 21 November 2019
20;120;4753;#84B5B2;Saturday, 20 January 2018
21;22;1328;#84B5B2;Sunday, 11 August 2019
21;121;2143;#6B9E59;Wednesday, 19 October 2016
22;23;4672;#F2A2A8;Thursday, 4 February 2016
22;122;2755;#5779A3;Wednesday, 10 May 2017
23;24;5851;#E8C960;Thursday, 26 July 2018
23;123;2072;#6B9E59;Tuesday, 11 April 2017
24;25;3584;#A77D9F;Wednesday, 17 October 2018
24;124;9156;#E8C960;Friday, 16 December 2016
25;26;1142;#5779A3;Monday, 25 July 2016
25;125;6022;#E59244;Friday, 10 January 2020
26;27;9297;#84B5B2;Thursday, 1 September 2016
26;126;6666;#A77D9F;Monday, 30 May 2016
27;28;9829;#E8C960;Wednesday, 4 December 2019
27;127;2792;#D1605E;Monday, 14 December 2020
28;29;5329;#E8C960;Friday, 15 May 2020
28;128;5068;#F2A2A8;Thursday, 28 May 2020
29;30;4404;#84B5B2;Sunday, 17 March 2019
29;129;9918;#6B9E59;Friday, 22 February 2019
30;31;7114;#D1605E;Saturday, 7 April 2018
30;130;9957;#84B5B2;Wednesday, 18 September 2019
31;32;4860;#6B9E59;Friday, 29 December 2017
31;131;7633;#E59244;Sunday, 13 March 2016
32;33;3124;#E8C960;Wednesday, 19 August 2020
32;132;9994;#E59244;Thursday, 2 November 2017
33;34;7113;#A77D9F;Sunday, 25 February 2018
33;133;7013;#F2A2A8;Sunday, 18 November 2018
34;35;9606;#D1605E;Thursday, 4 April 2019
34;134;7053;#D1605E;Sunday, 7 May 2017
35;36;9408;#F2A2A8;Sunday, 12 April 2020
35;135;3471;#A77D9F;Sunday, 4 December 2016
36;37;3244;#D1605E;Tuesday, 27 March 2018
36;136;3424;#84B5B2;Sunday, 27 September 2020
37;38;1739;#84B5B2;Wednesday, 25 May 2016
37;137;3120;#D1605E;Saturday, 9 September 2017
38;39;9079;#F2A2A8;Thursday, 18 October 2018
38;138;1087;#A77D9F;Friday, 10 January 2020
39;40;3158;#5779A3;Wednesday, 2 November 2016
39;139;7186;#6B9E59;Monday, 27 April 2020
40;41;6269;#E8C960;Tuesday, 10 July 2018
40;140;9691;#D1605E;Sunday, 9 February 2020
41;42;9890;#E8C960;Tuesday, 25 June 2019
41;141;1051;#5779A3;Sunday, 24 March 2019
42;43;3954;#F2A2A8;Tuesday, 20 June 2017
42;142;9654;#E8C960;Saturday, 12 December 2020
43;44;1379;#6B9E59;Friday, 18 January 2019
43;143;5033;#F2A2A8;Saturday, 3 June 2017
44;45;1009;#E59244;Monday, 9 January 2017
44;144;2029;#E8C960;Saturday, 6 August 2016
45;46;836;#5779A3;Thursday, 21 March 2019
45;145;9748;#A77D9F;Friday, 7 August 2020
46;47;4331;#F2A2A8;Tuesday, 30 May 2017
46;146;2537;#84B5B2;Sunday, 8 May 2016
47;48;9406;#5779A3;Sunday, 2 October 2016
47;147;4905;#F2A2A8;Saturday, 31 August 2019
48;49;1307;#84B5B2;Sunday, 1 January 2017
48;148;4328;#F2A2A8;Friday, 8 September 2017
49;50;2659;#84B5B2;Tuesday, 21 November 2017
49;149;3034;#E59244;Monday, 29 June 2020
50;51;3623;#E59244;Tuesday, 11 July 2017
50;150;9596;#D1605E;Sunday, 6 August 2017
51;52;3530;#E8C960;Sunday, 19 February 2017
51;151;1192;#84B5B2;Saturday, 10 June 2017
52;53;249;#F2A2A8;Friday, 23 November 2018
52;152;1810;#6B9E59;Saturday, 15 December 2018
53;54;3307;#5779A3;Friday, 19 January 2018
53;153;825;#E8C960;Friday, 27 November 2020
54;55;6557;#5779A3;Sunday, 26 January 2020
54;154;2461;#D1605E;Sunday, 4 June 2017
55;56;5636;#E8C960;Wednesday, 6 March 2019
55;155;2125;#E8C960;Tuesday, 10 December 2019
56;57;6904;#D1605E;Wednesday, 10 May 2017
56;156;7281;#84B5B2;Wednesday, 1 March 2017
57;58;1536;#F2A2A8;Tuesday, 1 November 2016
57;157;6795;#6B9E59;Friday, 24 January 2020
58;59;7432;#6B9E59;Wednesday, 12 December 2018
58;158;7834;#6B9E59;Friday, 12 June 2020
59;60;2224;#E59244;Saturday, 28 July 2018
59;159;6999;#D1605E;Wednesday, 5 December 2018
60;61;9300;#5779A3;Wednesday, 20 January 2016
60;160;7260;#E8C960;Wednesday, 29 March 2017
61;62;2873;#F2A2A8;Wednesday, 18 November 2020
61;161;9147;#D1605E;Sunday, 20 October 2019
62;63;5941;#A77D9F;Sunday, 8 January 2017
62;162;2214;#A77D9F;Saturday, 1 September 2018
63;64;9687;#E59244;Friday, 1 February 2019
63;163;3960;#A77D9F;Monday, 18 July 2016
64;65;142;#A77D9F;Friday, 6 July 2018
64;164;5924;#E8C960;Monday, 4 March 2019
65;66;831;#E59244;Tuesday, 21 January 2020
65;165;587;#5779A3;Monday, 9 October 2017
66;67;1688;#E8C960;Tuesday, 7 April 2020
66;166;458;#E59244;Saturday, 22 June 2019
67;68;6363;#5779A3;Monday, 11 March 2019
67;167;6475;#E59244;Friday, 4 October 2019
68;69;6484;#D1605E;Wednesday, 11 May 2016
68;168;130;#D1605E;Friday, 3 November 2017
69;70;5106;#84B5B2;Tuesday, 5 January 2016
69;169;8392;#84B5B2;Saturday, 31 March 2018
70;71;3792;#5779A3;Wednesday, 16 December 2020
70;170;4464;#E59244;Sunday, 11 September 2016
71;72;5272;#84B5B2;Monday, 16 October 2017
71;171;6172;#E8C960;Friday, 17 January 2020
72;73;5688;#6B9E59;Friday, 27 January 2017
72;172;9579;#F2A2A8;Friday, 13 April 2018
73;74;1195;#E59244;Wednesday, 13 December 2017
73;173;1813;#A77D9F;Saturday, 24 September 2016
74;75;1517;#F2A2A8;Saturday, 12 March 2016
74;174;8953;#6B9E59;Saturday, 21 November 2020
75;76;1169;#6B9E59;Saturday, 9 March 2019
75;175;6652;#E59244;Monday, 22 April 2019
76;77;9155;#D1605E;Tuesday, 3 November 2020
76;176;2183;#5779A3;Wednesday, 28 November 2018
77;78;5211;#E59244;Saturday, 19 August 2017
77;177;1831;#A77D9F;Thursday, 25 August 2016
78;79;4321;#F2A2A8;Wednesday, 2 November 2016
78;178;7437;#D1605E;Wednesday, 4 September 2019
79;80;1527;#E59244;Saturday, 3 June 2017
79;179;4016;#6B9E59;Sunday, 11 February 2018
80;81;1104;#6B9E59;Friday, 20 May 2016
80;180;7052;#E59244;Monday, 12 November 2018
81;82;1781;#6B9E59;Sunday, 8 March 2020
81;181;8245;#F2A2A8;Friday, 10 August 2018
82;83;7008;#A77D9F;Thursday, 11 June 2020
82;182;5565;#F2A2A8;Sunday, 10 December 2017
83;84;120;#84B5B2;Tuesday, 12 March 2019
83;183;1345;#F2A2A8;Tuesday, 20 June 2017
84;85;1209;#84B5B2;Wednesday, 24 July 2019
84;184;7113;#E8C960;Saturday, 14 July 2018
85;86;6425;#D1605E;Wednesday, 15 June 2016
85;185;455;#F2A2A8;Tuesday, 10 November 2020
86;87;6246;#F2A2A8;Saturday, 13 July 2019
86;186;8359;#A77D9F;Monday, 6 November 2017
87;88;9858;#F2A2A8;Friday, 13 May 2016
87;187;3377;#D1605E;Tuesday, 17 July 2018
88;89;716;#A77D9F;Tuesday, 5 May 2020
88;188;9425;#A77D9F;Sunday, 23 October 2016
89;90;108;#E59244;Thursday, 18 June 2020
89;189;7600;#A77D9F;Friday, 13 January 2017
90;91;1262;#D1605E;Monday, 11 February 2019
90;190;5203;#6B9E59;Wednesday, 12 September 2018
91;92;3399;#6B9E59;Sunday, 3 December 2017
91;191;6724;#E8C960;Wednesday, 5 June 2019
92;93;9367;#84B5B2;Sunday, 6 January 2019
92;192;2265;#D1605E;Saturday, 20 August 2016
93;94;7655;#6B9E59;Friday, 18 March 2016
93;193;3386;#D1605E;Monday, 18 September 2017
94;95;8306;#84B5B2;Tuesday, 11 June 2019
94;194;1010;#6B9E59;Tuesday, 15 December 2020
95;96;5036;#5779A3;Saturday, 7 January 2017
95;195;2593;#E59244;Wednesday, 16 December 2020
96;97;7713;#5779A3;Monday, 6 January 2020
96;196;5774;#5779A3;Sunday, 25 March 2018
97;98;292;#84B5B2;Friday, 30 October 2020
97;197;4046;#E59244;Sunday, 21 June 2020
98;99;5746;#E59244;Monday, 29 February 2016
98;198;148;#5779A3;Wednesday, 4 October 2017
99;199;100;#5779A3;Wednesday, 28 October 2020
100;101;9900;#5779A3;Wednesday, 12 October 2016
100;200;5102;#E8C960;Friday, 11 October 2019
101;102;8587;#5779A3;Wednesday, 14 December 2016
101;201;9680;#E59244;Sunday, 27 September 2020
102;103;2326;#E59244;Saturday, 4 August 2018
102;202;8217;#D1605E;Tuesday, 12 November 2019
103;104;5022;#E8C960;Thursday, 14 March 2019
103;203;6243;#84B5B2;Saturday, 5 May 2018
104;105;1189;#E59244;Friday, 3 May 2019
104;204;9689;#F2A2A8;Thursday, 9 July 2020
105;106;7568;#D1605E;Wednesday, 20 December 2017
105;205;7810;#5779A3;Thursday, 24 December 2020
106;107;3487;#E8C960;Tuesday, 6 June 2017
106;206;5236;#84B5B2;Thursday, 18 February 2016
107;108;1568;#E59244;Tuesday, 21 November 2017
107;207;2359;#E8C960;Thursday, 22 August 2019
108;109;3367;#A77D9F;Saturday, 24 March 2018
108;208;164;#84B5B2;Monday, 25 January 2016
109;110;5655;#E8C960;Tuesday, 11 August 2020
109;209;9235;#E8C960;Monday, 31 July 2017
110;111;8865;#A77D9F;Sunday, 28 August 2016
110;210;3058;#E8C960;Thursday, 1 March 2018
111;112;966;#E8C960;Tuesday, 1 September 2020
111;211;647;#6B9E59;Sunday, 23 August 2020
112;113;9297;#D1605E;Thursday, 21 February 2019
112;212;3105;#A77D9F;Wednesday, 26 September 2018
113;114;1735;#E8C960;Wednesday, 19 April 2017
113;213;8725;#5779A3;Tuesday, 21 August 2018
114;115;6650;#D1605E;Sunday, 14 April 2019
114;214;8141;#D1605E;Thursday, 1 February 2018
115;116;5133;#6B9E59;Thursday, 21 July 2016
115;215;1980;#D1605E;Sunday, 24 June 2018
116;117;6001;#6B9E59;Thursday, 15 November 2018
116;216;583;#E59244;Friday, 6 April 2018
117;118;4904;#6B9E59;Sunday, 10 November 2019
117;217;9415;#84B5B2;Monday, 6 January 2020
118;119;1570;#E59244;Thursday, 21 March 2019
118;218;8817;#F2A2A8;Sunday, 7 May 2017
119;120;3363;#84B5B2;Wednesday, 18 March 2020
119;219;4797;#F2A2A8;Saturday, 2 May 2020
120;121;623;#5779A3;Tuesday, 19 March 2019
120;220;2896;#D1605E;Monday, 15 October 2018
121;122;5700;#E59244;Tuesday, 8 September 2020
121;221;7430;#84B5B2;Friday, 20 July 2018
122;123;2218;#F2A2A8;Friday, 14 December 2018
122;222;3545;#E59244;Wednesday, 28 August 2019
123;124;1341;#A77D9F;Wednesday, 10 August 2016
123;223;1287;#A77D9F;Monday, 24 September 2018
124;125;3772;#6B9E59;Saturday, 10 August 2019
124;224;9849;#84B5B2;Tuesday, 8 September 2020
125;126;7542;#84B5B2;Tuesday, 19 September 2017
125;225;9130;#E59244;Friday, 9 August 2019
126;127;9150;#6B9E59;Thursday, 24 August 2017
126;226;6056;#E8C960;Thursday, 30 January 2020
127;128;5219;#E59244;Friday, 26 June 2020
127;227;9835;#E8C960;Tuesday, 21 November 2017
128;129;4105;#5779A3;Tuesday, 17 November 2020
128;228;447;#E8C960;Sunday, 20 May 2018
129;130;708;#5779A3;Wednesday, 12 September 2018
129;229;7636;#5779A3;Thursday, 25 May 2017
130;131;3343;#A77D9F;Sunday, 5 May 2019
130;230;9993;#5779A3;Tuesday, 23 January 2018
131;132;1718;#E8C960;Wednesday, 18 July 2018
131;231;8298;#84B5B2;Wednesday, 20 April 2016
132;133;36;#A77D9F;Sunday, 29 September 2019
132;232;5013;#84B5B2;Saturday, 28 May 2016
133;134;6386;#E8C960;Thursday, 1 February 2018
133;233;4779;#E8C960;Saturday, 4 November 2017
134;135;9949;#E8C960;Saturday, 8 July 2017
134;234;8044;#84B5B2;Wednesday, 27 December 2017
135;136;2541;#F2A2A8;Monday, 3 April 2017
135;235;8891;#6B9E59;Thursday, 26 September 2019
136;137;4914;#84B5B2;Monday, 15 August 2016
136;236;8989;#A77D9F;Monday, 21 September 2020
137;138;9341;#6B9E59;Monday, 18 July 2016
137;237;6534;#84B5B2;Tuesday, 4 December 2018
138;139;2446;#A77D9F;Wednesday, 7 October 2020
138;238;1613;#84B5B2;Sunday, 3 June 2018
139;140;4594;#A77D9F;Friday, 16 September 2016
139;239;9204;#E59244;Friday, 17 March 2017
140;141;6778;#84B5B2;Sunday, 11 December 2016
140;240;5438;#5779A3;Tuesday, 4 August 2020
141;142;5093;#D1605E;Tuesday, 12 November 2019
141;241;8985;#F2A2A8;Wednesday, 16 January 2019
142;143;91;#D1605E;Wednesday, 23 September 2020
142;242;1471;#F2A2A8;Wednesday, 5 September 2018
143;144;6994;#E59244;Sunday, 6 January 2019
143;243;2033;#84B5B2;Thursday, 27 October 2016
144;145;7348;#5779A3;Monday, 1 October 2018
144;244;4663;#F2A2A8;Saturday, 12 March 2016
145;146;5131;#5779A3;Thursday, 14 March 2019
145;245;5592;#D1605E;Thursday, 19 May 2016
146;147;6297;#D1605E;Saturday, 20 June 2020
146;246;918;#E8C960;Friday, 24 August 2018
147;148;185;#E59244;Thursday, 7 September 2017
147;247;5069;#A77D9F;Monday, 18 May 2020
148;149;6036;#84B5B2;Sunday, 3 March 2019
148;248;6776;#E59244;Thursday, 2 May 2019
149;150;9439;#E8C960;Sunday, 27 September 2020
149;249;3702;#E8C960;Wednesday, 22 June 2016
150;151;8945;#E8C960;Friday, 14 July 2017
150;250;6853;#6B9E59;Saturday, 23 September 2017
151;152;4893;#6B9E59;Monday, 23 December 2019
151;251;667;#D1605E;Tuesday, 30 April 2019
152;153;2009;#E8C960;Monday, 18 September 2017
152;252;3640;#E59244;Friday, 20 December 2019
153;154;7226;#A77D9F;Thursday, 22 December 2016
153;253;2371;#F2A2A8;Wednesday, 13 September 2017
154;155;2396;#D1605E;Friday, 25 December 2020
154;254;9657;#D1605E;Saturday, 9 June 2018
155;156;8919;#F2A2A8;Monday, 8 April 2019
155;255;4796;#F2A2A8;Wednesday, 4 July 2018
156;157;9319;#E59244;Sunday, 9 August 2020
156;256;8634;#F2A2A8;Saturday, 5 October 2019
157;158;2473;#84B5B2;Monday, 2 November 2020
157;257;2763;#A77D9F;Friday, 1 November 2019
158;159;7639;#5779A3;Sunday, 30 June 2019
158;258;814;#84B5B2;Wednesday, 2 August 2017
159;160;1845;#E8C960;Saturday, 8 October 2016
159;259;8944;#84B5B2;Saturday, 2 May 2020
160;161;398;#F2A2A8;Saturday, 14 May 2016
160;260;9770;#5779A3;Friday, 1 January 2016
161;162;9253;#E59244;Monday, 29 August 2016
161;261;1614;#A77D9F;Thursday, 15 November 2018
162;163;7683;#D1605E;Tuesday, 28 November 2017
162;262;9745;#84B5B2;Thursday, 5 December 2019
163;164;9257;#A77D9F;Tuesday, 18 July 2017
163;263;7670;#A77D9F;Monday, 1 February 2016
164;165;2826;#84B5B2;Saturday, 11 April 2020
164;264;1555;#6B9E59;Friday, 3 November 2017
165;166;4294;#84B5B2;Tuesday, 19 May 2020
165;265;7221;#6B9E59;Saturday, 7 December 2019
166;167;7967;#E59244;Saturday, 19 January 2019
166;266;8121;#6B9E59;Wednesday, 13 March 2019
167;168;384;#A77D9F;Saturday, 28 July 2018
167;267;7815;#D1605E;Monday, 2 July 2018
168;169;1002;#84B5B2;Friday, 21 October 2016
168;268;134;#F2A2A8;Wednesday, 13 September 2017
169;170;3989;#E59244;Wednesday, 29 January 2020
169;269;6454;#E59244;Tuesday, 16 May 2017
170;171;3892;#84B5B2;Monday, 13 June 2016
170;270;192;#E59244;Friday, 31 March 2017
171;172;9957;#D1605E;Sunday, 18 October 2020
171;271;3030;#A77D9F;Monday, 2 May 2016
172;173;3722;#D1605E;Sunday, 19 August 2018
172;272;2441;#E59244;Thursday, 23 July 2020
173;174;4437;#D1605E;Thursday, 9 March 2017
173;273;1652;#E8C960;Saturday, 29 September 2018
174;175;7684;#A77D9F;Monday, 3 December 2018
174;274;524;#6B9E59;Wednesday, 26 December 2018
175;176;4697;#5779A3;Friday, 5 April 2019
175;275;9404;#84B5B2;Wednesday, 3 January 2018
176;177;8882;#6B9E59;Friday, 20 September 2019
176;276;8859;#5779A3;Monday, 30 September 2019
177;178;9980;#6B9E59;Wednesday, 14 September 2016
177;277;4640;#6B9E59;Tuesday, 27 December 2016
178;179;8744;#D1605E;Saturday, 6 January 2018
178;278;9766;#D1605E;Saturday, 15 June 2019
179;180;5669;#F2A2A8;Friday, 12 January 2018
179;279;4863;#E8C960;Tuesday, 10 January 2017
180;181;5277;#6B9E59;Sunday, 26 February 2017
180;280;2342;#84B5B2;Sunday, 6 November 2016
181;182;4385;#84B5B2;Sunday, 13 October 2019
181;281;492;#84B5B2;Monday, 16 November 2020
182;183;3472;#84B5B2;Tuesday, 15 May 2018
182;282;2061;#5779A3;Thursday, 28 September 2017
183;184;9801;#5779A3;Friday, 6 September 2019
183;283;7171;#E59244;Saturday, 17 September 2016
184;185;6807;#F2A2A8;Friday, 25 May 2018
184;284;6811;#E59244;Sunday, 6 May 2018
185;186;7044;#5779A3;Wednesday, 11 October 2017
185;285;6638;#6B9E59;Friday, 27 October 2017
186;187;2154;#A77D9F;Saturday, 8 October 2016
186;286;4129;#D1605E;Tuesday, 30 January 2018
187;188;1537;#F2A2A8;Thursday, 31 January 2019
187;287;1583;#E8C960;Sunday, 29 October 2017
188;189;3088;#A77D9F;Wednesday, 4 October 2017
188;288;5327;#D1605E;Friday, 28 August 2020
189;190;1880;#A77D9F;Friday, 8 December 2017
189;289;5884;#A77D9F;Thursday, 27 October 2016
190;191;6952;#D1605E;Friday, 6 December 2019
190;290;7057;#84B5B2;Thursday, 25 August 2016
191;192;7512;#F2A2A8;Monday, 10 June 2019
191;291;4218;#5779A3;Tuesday, 14 March 2017
192;193;4775;#84B5B2;Saturday, 4 August 2018
192;292;9699;#84B5B2;Thursday, 23 February 2017
193;194;925;#5779A3;Wednesday, 24 April 2019
193;293;6483;#E8C960;Sunday, 25 March 2018
194;195;3616;#5779A3;Saturday, 14 September 2019
194;294;4525;#F2A2A8;Saturday, 11 June 2016
195;196;6381;#84B5B2;Monday, 17 June 2019
195;295;615;#A77D9F;Monday, 26 June 2017
196;197;206;#A77D9F;Friday, 19 May 2017
196;296;7818;#E8C960;Tuesday, 20 October 2020
197;198;664;#E8C960;Monday, 2 December 2019
197;297;2540;#84B5B2;Monday, 11 December 2017
198;199;1797;#F2A2A8;Sunday, 16 June 2019
198;298;5248;#6B9E59;Monday, 25 March 2019
199;299;4222;#A77D9F;Thursday, 10 October 2019
200;201;4807;#84B5B2;Thursday, 28 May 2020
200;300;6269;#E59244;Thursday, 29 December 2016
201;202;1955;#E59244;Friday, 17 May 2019
201;301;1480;#D1605E;Thursday, 19 December 2019
202;203;9;#E8C960;Saturday, 16 March 2019
202;302;4095;#E8C960;Monday, 7 March 2016
203;204;6203;#E8C960;Monday, 17 October 2016
203;303;2363;#E59244;Friday, 29 April 2016
204;205;7346;#6B9E59;Sunday, 24 July 2016
204;304;8525;#F2A2A8;Monday, 28 August 2017
205;206;8800;#F2A2A8;Tuesday, 7 August 2018
205;305;9462;#A77D9F;Saturday, 28 October 2017
206;207;2060;#E59244;Tuesday, 2 August 2016
206;306;9076;#E8C960;Saturday, 5 August 2017
207;208;2354;#E59244;Wednesday, 13 May 2020
207;307;5382;#D1605E;Saturday, 8 June 2019
208;209;7111;#A77D9F;Monday, 2 March 2020
208;308;4598;#D1605E;Wednesday, 31 July 2019
209;210;8721;#E59244;Tuesday, 26 September 2017
209;309;6728;#A77D9F;Sunday, 9 February 2020
210;211;800;#F2A2A8;Thursday, 28 December 2017
210;310;9773;#E59244;Tuesday, 10 October 2017
211;212;8419;#84B5B2;Tuesday, 11 February 2020
211;311;9337;#D1605E;Saturday, 9 March 2019
212;213;5420;#5779A3;Wednesday, 14 December 2016
212;312;1301;#6B9E59;Tuesday, 12 March 2019
213;214;7483;#A77D9F;Saturday, 22 September 2018
213;313;6093;#6B9E59;Tuesday, 14 November 2017
214;215;1762;#E59244;Sunday, 23 September 2018
214;314;7680;#5779A3;Friday, 25 December 2020
215;216;9132;#E8C960;Monday, 12 September 2016
215;315;1861;#E59244;Wednesday, 11 January 2017
216;217;1785;#A77D9F;Friday, 27 April 2018
216;316;2202;#F2A2A8;Saturday, 7 December 2019
217;218;1038;#D1605E;Wednesday, 20 April 2016
217;317;3057;#E59244;Sunday, 22 December 2019
218;219;1671;#6B9E59;Tuesday, 2 October 2018
218;318;5497;#6B9E59;Sunday, 27 September 2020
219;220;8245;#E8C960;Wednesday, 19 April 2017
219;319;6091;#E59244;Tuesday, 6 November 2018
220;221;1560;#84B5B2;Monday, 13 January 2020
220;320;1093;#5779A3;Friday, 25 May 2018
221;222;2169;#E8C960;Tuesday, 11 April 2017
221;321;4643;#E8C960;Tuesday, 27 October 2020
222;223;501;#E59244;Saturday, 14 April 2018
222;322;9507;#E8C960;Monday, 20 February 2017
223;224;6206;#E8C960;Saturday, 4 January 2020
223;323;3582;#84B5B2;Sunday, 10 March 2019
224;225;3805;#6B9E59;Wednesday, 7 March 2018
224;324;9788;#F2A2A8;Friday, 7 September 2018
225;226;1012;#E8C960;Tuesday, 18 August 2020
225;325;9024;#D1605E;Tuesday, 14 May 2019
226;227;8887;#E59244;Thursday, 9 July 2020
226;326;7342;#E59244;Friday, 24 February 2017
227;228;4431;#A77D9F;Friday, 15 March 2019
227;327;5927;#84B5B2;Wednesday, 8 January 2020
228;229;200;#84B5B2;Monday, 23 January 2017
228;328;4496;#E8C960;Friday, 15 January 2016
229;230;7352;#D1605E;Thursday, 8 February 2018
229;329;9604;#6B9E59;Wednesday, 27 September 2017
230;231;8170;#A77D9F;Friday, 16 September 2016
230;330;3723;#6B9E59;Saturday, 11 July 2020
231;232;715;#A77D9F;Saturday, 11 February 2017
231;331;2141;#84B5B2;Wednesday, 4 January 2017
232;233;3580;#A77D9F;Sunday, 2 June 2019
232;332;8618;#5779A3;Sunday, 11 September 2016
233;234;5252;#D1605E;Tuesday, 12 June 2018
233;333;6878;#84B5B2;Thursday, 31 May 2018
234;235;388;#E8C960;Monday, 5 February 2018
234;334;5613;#6B9E59;Sunday, 16 June 2019
235;236;9960;#6B9E59;Saturday, 21 May 2016
235;335;4960;#D1605E;Saturday, 31 August 2019
236;237;5316;#E59244;Thursday, 24 September 2020
236;336;5058;#F2A2A8;Wednesday, 14 June 2017
237;238;9536;#E8C960;Sunday, 24 May 2020
237;337;8625;#E8C960;Saturday, 2 January 2016
238;239;6720;#6B9E59;Monday, 10 October 2016
238;338;379;#6B9E59;Thursday, 14 May 2020
239;240;5301;#84B5B2;Thursday, 17 August 2017
239;339;9646;#F2A2A8;Friday, 14 October 2016
240;241;7692;#E59244;Tuesday, 25 October 2016
240;340;6981;#6B9E59;Wednesday, 11 November 2020
241;242;5859;#D1605E;Monday, 14 August 2017
241;341;7348;#84B5B2;Sunday, 12 February 2017
242;243;3412;#D1605E;Tuesday, 10 July 2018
242;342;7474;#6B9E59;Saturday, 12 September 2020
243;244;1033;#F2A2A8;Tuesday, 24 March 2020
243;343;9707;#6B9E59;Thursday, 14 January 2016
244;245;64;#5779A3;Tuesday, 4 April 2017
244;344;6624;#E8C960;Monday, 4 July 2016
245;246;2645;#E59244;Tuesday, 20 October 2020
245;345;5756;#6B9E59;Tuesday, 12 December 2017
246;247;896;#E59244;Tuesday, 12 February 2019
246;346;1218;#5779A3;Wednesday, 1 March 2017
247;248;3946;#84B5B2;Saturday, 8 February 2020
247;347;4944;#E8C960;Friday, 25 January 2019
248;249;1338;#5779A3;Saturday, 10 October 2020
248;348;8428;#E8C960;Wednesday, 31 July 2019
249;250;2552;#E8C960;Saturday, 11 April 2020
249;349;7304;#6B9E59;Monday, 7 January 2019
250;251;3792;#D1605E;Sunday, 22 April 2018
250;350;2283;#6B9E59;Tuesday, 9 February 2016
251;252;3157;#6B9E59;Friday, 27 May 2016
251;351;78;#84B5B2;Monday, 28 August 2017
252;253;6661;#E8C960;Thursday, 2 January 2020
252;352;1683;#D1605E;Wednesday, 17 April 2019
253;254;9828;#5779A3;Sunday, 6 September 2020
253;353;4774;#6B9E59;Wednesday, 13 May 2020
254;255;9765;#84B5B2;Monday, 27 April 2020
254;354;9859;#E8C960;Sunday, 12 May 2019
255;256;8657;#84B5B2;Tuesday, 28 November 2017
255;355;8029;#6B9E59;Thursday, 12 December 2019
256;257;4017;#5779A3;Sunday, 31 July 2016
256;356;35;#F2A2A8;Wednesday, 19 July 2017
257;258;6544;#F2A2A8;Sunday, 7 April 2019
257;357;5034;#5779A3;Wednesday, 13 June 2018
258;259;5184;#E59244;Thursday, 5 April 2018
258;358;8865;#84B5B2;Saturday, 1 August 2020
259;260;8221;#D1605E;Monday, 24 June 2019
259;359;3237;#84B5B2;Sunday, 5 January 2020
260;261;2431;#6B9E59;Tuesday, 12 November 2019
260;360;8051;#A77D9F;Saturday, 30 December 2017
261;262;3666;#E8C960;Friday, 28 April 2017
261;361;5586;#D1605E;Wednesday, 24 January 2018
262;263;1624;#A77D9F;Friday, 13 January 2017
262;362;1827;#6B9E59;Sunday, 30 August 2020
263;264;5816;#E8C960;Sunday, 27 December 2020
263;363;5620;#E59244;Thursday, 13 September 2018
264;265;1983;#E8C960;Sunday, 28 October 2018
264;364;9626;#5779A3;Friday, 18 May 2018
265;266;4113;#A77D9F;Thursday, 3 December 2020
265;365;9103;#F2A2A8;Thursday, 14 November 2019
266;267;4389;#84B5B2;Friday, 17 January 2020
266;366;5961;#E59244;Wednesday, 1 March 2017
267;268;4456;#5779A3;Friday, 27 May 2016
267;367;2990;#D1605E;Wednesday, 30 October 2019
268;269;632;#84B5B2;Wednesday, 25 July 2018
268;368;3914;#6B9E59;Saturday, 22 June 2019
269;270;4198;#84B5B2;Saturday, 2 March 2019
269;369;4442;#E8C960;Monday, 2 November 2020
270;271;7865;#5779A3;Friday, 19 January 2018
270;370;9405;#F2A2A8;Tuesday, 15 August 2017
271;272;3118;#E8C960;Monday, 18 November 2019
271;371;5483;#E8C960;Sunday, 30 September 2018
272;273;1993;#E8C960;Saturday, 23 March 2019
272;372;3405;#84B5B2;Monday, 18 September 2017
273;274;1933;#A77D9F;Monday, 10 December 2018
273;373;6100;#E59244;Saturday, 30 September 2017
274;275;9972;#F2A2A8;Sunday, 30 September 2018
274;374;4743;#E59244;Friday, 27 March 2020
275;276;6575;#E8C960;Sunday, 8 May 2016
275;375;2514;#E59244;Wednesday, 1 May 2019
276;277;8493;#E59244;Saturday, 6 January 2018
276;376;2012;#E59244;Wednesday, 18 December 2019
277;278;686;#84B5B2;Thursday, 27 June 2019
277;377;5496;#A77D9F;Friday, 1 December 2017
278;279;8352;#A77D9F;Saturday, 4 April 2020
278;378;159;#E8C960;Sunday, 26 April 2020
279;280;5220;#84B5B2;Sunday, 10 June 2018
279;379;6532;#E59244;Saturday, 15 June 2019
280;281;6120;#E8C960;Sunday, 31 May 2020
280;380;7251;#A77D9F;Tuesday, 16 April 2019
281;282;7115;#5779A3;Thursday, 7 December 2017
281;381;3473;#F2A2A8;Friday, 8 January 2016
282;283;2222;#6B9E59;Wednesday, 24 May 2017
282;382;3354;#A77D9F;Thursday, 21 September 2017
283;284;134;#84B5B2;Tuesday, 9 February 2016
283;383;8273;#F2A2A8;Monday, 10 February 2020
284;285;7842;#5779A3;Saturday, 23 April 2016
284;384;7578;#A77D9F;Sunday, 5 May 2019
285;286;1610;#84B5B2;Friday, 21 July 2017
285;385;7348;#F2A2A8;Thursday, 13 August 2020
286;287;3655;#F2A2A8;Sunday, 1 April 2018
286;386;8159;#E59244;Thursday, 13 September 2018
287;288;1435;#6B9E59;Sunday, 1 April 2018
287;387;925;#D1605E;Wednesday, 25 January 2017
288;289;2433;#6B9E59;Monday, 3 September 2018
288;388;5654;#E59244;Thursday, 23 January 2020
289;290;8472;#E8C960;Thursday, 2 August 2018
289;389;7693;#84B5B2;Saturday, 20 April 2019
290;291;482;#5779A3;Monday, 1 January 2018
290;390;5954;#D1605E;Saturday, 6 May 2017
291;292;2313;#E59244;Saturday, 1 October 2016
291;391;832;#84B5B2;Monday, 8 February 2016
292;293;6960;#6B9E59;Friday, 1 January 2016
292;392;7999;#E59244;Monday, 30 January 2017
293;294;3177;#F2A2A8;Sunday, 23 December 2018
293;393;1717;#E59244;Tuesday, 20 February 2018
294;295;3784;#D1605E;Friday, 13 November 2020
294;394;6558;#5779A3;Tuesday, 15 January 2019
295;296;8309;#5779A3;Saturday, 19 May 2018
295;395;6482;#5779A3;Tuesday, 18 October 2016
296;297;6640;#E59244;Monday, 15 October 2018
296;396;7491;#F2A2A8;Wednesday, 13 September 2017
297;298;6912;#F2A2A8;Saturday, 18 April 2020
297;397;9240;#84B5B2;Monday, 14 December 2020
298;299;5666;#6B9E59;Friday, 29 April 2016
298;398;5304;#6B9E59;Monday, 1 August 2016
299;399;7438;#E8C960;Sunday, 23 September 2018
300;301;9982;#5779A3;Sunday, 31 January 2016
300;400;9731;#5779A3;Tuesday, 12 January 2016
301;302;7894;#F2A2A8;Thursday, 4 October 2018
301;401;37;#5779A3;Tuesday, 25 June 2019
302;303;127;#84B5B2;Saturday, 15 December 2018
302;402;4250;#A77D9F;Sunday, 28 August 2016
303;304;4127;#6B9E59;Thursday, 14 December 2017
303;403;2535;#6B9E59;Sunday, 19 April 2020
304;305;1846;#84B5B2;Wednesday, 18 January 2017
304;404;1468;#5779A3;Monday, 26 February 2018
305;306;1167;#F2A2A8;Tuesday, 6 March 2018
305;405;857;#5779A3;Monday, 30 July 2018
306;307;344;#E59244;Sunday, 26 July 2020
306;406;8444;#D1605E;Friday, 15 April 2016
307;308;9791;#84B5B2;Wednesday, 26 April 2017
307;407;1697;#5779A3;Tuesday, 22 May 2018
308;309;1747;#84B5B2;Saturday, 9 June 2018
308;408;2938;#D1605E;Friday, 1 December 2017
309;310;5749;#E8C960;Thursday, 21 April 2016
309;409;1516;#E8C960;Saturday, 22 June 2019
310;311;3080;#E59244;Sunday, 10 May 2020
310;410;9771;#E8C960;Wednesday, 19 February 2020
311;312;2348;#5779A3;Sunday, 19 April 2020
311;411;2683;#F2A2A8;Wednesday, 8 April 2020
312;313;3685;#D1605E;Sunday, 20 September 2020
312;412;9815;#E8C960;Saturday, 25 August 2018
313;314;170;#A77D9F;Thursday, 5 October 2017
313;413;8488;#E59244;Saturday, 17 December 2016
314;315;7548;#A77D9F;Tuesday, 16 April 2019
314;414;7539;#F2A2A8;Tuesday, 7 January 2020
315;316;7130;#F2A2A8;Thursday, 7 April 2016
315;415;3971;#F2A2A8;Saturday, 9 January 2016
316;317;1281;#E59244;Saturday, 9 July 2016
316;416;2800;#E59244;Wednesday, 15 January 2020
317;318;9738;#5779A3;Saturday, 29 December 2018
317;417;1273;#5779A3;Wednesday, 28 March 2018
318;319;5677;#A77D9F;Monday, 15 October 2018
318;418;2441;#D1605E;Friday, 24 January 2020
319;320;4844;#6B9E59;Tuesday, 1 May 2018
319;419;1121;#E59244;Saturday, 30 March 2019
320;321;9541;#F2A2A8;Saturday, 20 June 2020
320;420;3134;#F2A2A8;Friday, 22 January 2016
321;322;8605;#6B9E59;Sunday, 3 April 2016
321;421;1522;#F2A2A8;Friday, 28 October 2016
322;323;8260;#D1605E;Thursday, 12 October 2017
322;422;5806;#D1605E;Wednesday, 26 October 2016
323;324;9272;#84B5B2;Saturday, 22 December 2018
323;423;650;#F2A2A8;Tuesday, 28 February 2017
324;325;386;#6B9E59;Thursday, 27 June 2019
324;424;6032;#84B5B2;Friday, 9 June 2017
325;326;3306;#5779A3;Sunday, 15 March 2020
325;425;5518;#D1605E;Sunday, 13 December 2020
326;327;8455;#D1605E;Tuesday, 25 July 2017
326;426;9513;#84B5B2;Thursday, 21 April 2016
327;328;3611;#D1605E;Saturday, 9 May 2020
327;427;7130;#6B9E59;Saturday, 15 June 2019
328;329;2183;#84B5B2;Saturday, 7 July 2018
328;428;8395;#A77D9F;Sunday, 12 July 2020
329;330;1724;#A77D9F;Monday, 21 May 2018
329;429;9612;#5779A3;Wednesday, 10 January 2018
330;331;9135;#F2A2A8;Wednesday, 25 October 2017
330;430;4429;#6B9E59;Tuesday, 26 December 2017
331;332;1881;#5779A3;Friday, 9 June 2017
331;431;6917;#A77D9F;Tuesday, 2 June 2020
332;333;6120;#E8C960;Saturday, 1 December 2018
332;432;884;#E8C960;Thursday, 20 October 2016
333;334;1105;#A77D9F;Tuesday, 18 February 2020
333;433;2983;#D1605E;Saturday, 3 December 2016
334;335;4527;#84B5B2;Friday, 25 May 2018
334;434;1487;#84B5B2;Thursday, 12 April 2018
335;336;8507;#5779A3;Saturday, 13 February 2016
335;435;7364;#5779A3;Tuesday, 17 April 2018
336;337;9128;#6B9E59;Monday, 6 April 2020
336;436;9808;#E8C960;Tuesday, 27 August 2019
337;338;5755;#F2A2A8;Friday, 9 June 2017
337;437;3866;#F2A2A8;Sunday, 27 March 2016
338;339;3148;#A77D9F;Thursday, 22 March 2018
338;438;9787;#A77D9F;Sunday, 19 July 2020
339;340;7040;#84B5B2;Friday, 26 July 2019
339;439;6481;#6B9E59;Monday, 17 February 2020
340;341;8626;#D1605E;Thursday, 27 July 2017
340;440;4186;#A77D9F;Monday, 22 January 2018
341;342;3156;#F2A2A8;Sunday, 27 August 2017
341;441;5688;#D1605E;Thursday, 17 November 2016
342;343;2428;#E8C960;Wednesday, 23 December 2020
342;442;2042;#E59244;Sunday, 29 April 2018
343;344;9101;#5779A3;Saturday, 10 August 2019
343;443;5586;#D1605E;Friday, 31 March 2017
344;345;1207;#5779A3;Tuesday, 28 November 2017
344;444;1331;#E59244;Wednesday, 27 March 2019
345;346;3601;#A77D9F;Tuesday, 12 February 2019
345;445;9988;#6B9E59;Saturday, 25 May 2019
346;347;9723;#6B9E59;Monday, 21 January 2019
346;446;3986;#E59244;Thursday, 18 January 2018
347;348;1477;#E8C960;Tuesday, 19 February 2019
347;447;1508;#D1605E;Wednesday, 29 May 2019
348;349;5932;#E59244;Monday, 21 January 2019
348;448;8872;#5779A3;Tuesday, 7 November 2017
349;350;7999;#A77D9F;Sunday, 25 September 2016
349;449;9857;#A77D9F;Tuesday, 21 November 2017
350;351;873;#E8C960;Wednesday, 21 December 2016
350;450;3295;#D1605E;Sunday, 5 April 2020
351;352;8478;#E59244;Monday, 20 April 2020
351;451;4414;#E59244;Sunday, 24 December 2017
352;353;3156;#E59244;Friday, 21 April 2017
352;452;6435;#D1605E;Tuesday, 28 January 2020
353;354;1916;#84B5B2;Thursday, 11 February 2016
353;453;835;#E8C960;Sunday, 14 May 2017
354;355;7941;#D1605E;Wednesday, 9 August 2017
354;454;5913;#84B5B2;Thursday, 29 August 2019
355;356;8973;#6B9E59;Monday, 28 August 2017
355;455;6271;#84B5B2;Wednesday, 9 November 2016
356;357;3674;#E59244;Friday, 4 January 2019
356;456;4597;#5779A3;Tuesday, 27 August 2019
357;358;4215;#D1605E;Wednesday, 20 March 2019
357;457;8388;#A77D9F;Tuesday, 10 May 2016
358;359;7963;#D1605E;Tuesday, 16 February 2016
358;458;6670;#D1605E;Saturday, 2 November 2019
359;360;1919;#84B5B2;Saturday, 11 January 2020
359;459;7168;#E59244;Monday, 28 October 2019
360;361;9196;#5779A3;Tuesday, 5 November 2019
360;460;9704;#6B9E59;Thursday, 2 February 2017
361;362;6593;#84B5B2;Sunday, 13 March 2016
361;461;1424;#E59244;Tuesday, 20 February 2018
362;363;1542;#5779A3;Friday, 17 May 2019
362;462;810;#6B9E59;Tuesday, 8 March 2016
363;364;1853;#84B5B2;Thursday, 23 November 2017
363;463;1860;#A77D9F;Monday, 16 March 2020
364;365;6494;#5779A3;Thursday, 6 October 2016
364;464;9102;#E8C960;Sunday, 28 May 2017
365;366;8478;#E59244;Thursday, 3 December 2020
365;465;861;#84B5B2;Tuesday, 26 November 2019
366;367;8814;#E8C960;Saturday, 9 July 2016
366;466;3237;#E59244;Friday, 27 September 2019
367;368;7124;#5779A3;Wednesday, 18 January 2017
367;467;8849;#F2A2A8;Monday, 21 March 2016
368;369;8421;#D1605E;Tuesday, 18 February 2020
368;468;5437;#6B9E59;Monday, 22 June 2020
369;370;1743;#84B5B2;Wednesday, 25 November 2020
369;469;3950;#E59244;Tuesday, 28 August 2018
370;371;4987;#6B9E59;Tuesday, 1 January 2019
370;470;6939;#84B5B2;Friday, 27 July 2018
371;372;6153;#6B9E59;Thursday, 19 November 2020
371;471;4502;#5779A3;Saturday, 4 May 2019
372;373;2744;#5779A3;Friday, 14 April 2017
372;472;1820;#6B9E59;Friday, 2 February 2018
373;374;4079;#A77D9F;Sunday, 9 September 2018
373;473;3701;#6B9E59;Wednesday, 2 September 2020
374;375;8212;#A77D9F;Friday, 3 August 2018
374;474;6767;#84B5B2;Thursday, 19 July 2018
375;376;2398;#F2A2A8;Saturday, 1 June 2019
375;475;8572;#E59244;Friday, 20 March 2020
376;377;1610;#5779A3;Monday, 3 July 2017
376;476;4924;#6B9E59;Thursday, 14 March 2019
377;378;1201;#84B5B2;Sunday, 5 June 2016
377;477;3929;#5779A3;Tuesday, 27 October 2020
378;379;5456;#F2A2A8;Thursday, 28 December 2017
378;478;6535;#5779A3;Monday, 14 October 2019
379;380;8518;#5779A3;Tuesday, 30 May 2017
379;479;8353;#84B5B2;Saturday, 24 November 2018
380;381;6142;#A77D9F;Saturday, 29 June 2019
380;480;9347;#E8C960;Wednesday, 26 February 2020
381;382;6931;#D1605E;Friday, 3 January 2020
381;481;176;#A77D9F;Thursday, 13 June 2019
382;383;822;#D1605E;Saturday, 18 July 2020
382;482;9204;#E8C960;Friday, 2 September 2016
383;384;5621;#84B5B2;Tuesday, 17 September 2019
383;483;7469;#F2A2A8;Tuesday, 24 March 2020
384;385;8231;#5779A3;Wednesday, 27 January 2016
384;484;8977;#F2A2A8;Thursday, 8 October 2020
385;386;3401;#5779A3;Wednesday, 29 January 2020
385;485;2334;#6B9E59;Sunday, 16 April 2017
386;387;6803;#E59244;Tuesday, 30 April 2019
386;486;4252;#D1605E;Saturday, 8 August 2020
387;388;3171;#A77D9F;Tuesday, 11 December 2018
387;487;4237;#6B9E59;Tuesday, 19 February 2019
388;389;2371;#E8C960;Tuesday, 23 January 2018
388;488;1396;#F2A2A8;Thursday, 28 April 2016
389;390;448;#A77D9F;Monday, 5 September 2016
389;489;90;#84B5B2;Friday, 1 November 2019
390;391;3852;#84B5B2;Saturday, 13 January 2018
390;490;3060;#5779A3;Saturday, 9 July 2016
391;392;9418;#A77D9F;Monday, 2 November 2020
391;491;3198;#6B9E59;Monday, 23 October 2017
392;393;2810;#A77D9F;Tuesday, 25 February 2020
392;492;4881;#F2A2A8;Wednesday, 1 May 2019
393;394;7783;#A77D9F;Monday, 24 July 2017
393;493;1169;#5779A3;Thursday, 25 August 2016
394;395;5821;#F2A2A8;Sunday, 26 May 2019
394;494;7102;#5779A3;Tuesday, 13 November 2018
395;396;6034;#D1605E;Saturday, 28 December 2019
395;495;2470;#D1605E;Thursday, 30 June 2016
396;397;8426;#84B5B2;Thursday, 25 August 2016
396;496;5682;#84B5B2;Friday, 13 January 2017
397;398;3990;#5779A3;Sunday, 12 July 2020
397;497;4569;#E59244;Sunday, 5 May 2019
398;399;4553;#D1605E;Monday, 11 July 2016
398;498;9021;#E59244;Monday, 5 October 2020
399;499;5022;#A77D9F;Friday, 15 December 2017
400;401;5354;#5779A3;Thursday, 21 May 2020
400;500;8419;#E8C960;Sunday, 26 July 2020
401;402;752;#E59244;Thursday, 26 September 2019
401;501;9917;#E8C960;Saturday, 30 March 2019
402;403;8597;#E59244;Thursday, 17 January 2019
402;502;3606;#F2A2A8;Friday, 17 April 2020
403;404;9453;#F2A2A8;Sunday, 21 June 2020
403;503;4784;#5779A3;Sunday, 19 January 2020
404;405;149;#E59244;Thursday, 5 December 2019
404;504;1766;#6B9E59;Sunday, 17 April 2016
405;406;7987;#A77D9F;Thursday, 23 February 2017
405;505;3899;#D1605E;Thursday, 28 February 2019
406;407;4950;#5779A3;Saturday, 7 January 2017
406;506;9254;#D1605E;Sunday, 25 February 2018
407;408;9210;#A77D9F;Tuesday, 15 November 2016
407;507;8803;#6B9E59;Tuesday, 19 January 2016
408;409;3823;#5779A3;Tuesday, 17 December 2019
408;508;9357;#E59244;Monday, 4 April 2016
409;410;6343;#6B9E59;Thursday, 23 April 2020
409;509;173;#5779A3;Monday, 28 March 2016
410;411;6314;#A77D9F;Thursday, 15 November 2018
410;510;9835;#6B9E59;Sunday, 10 May 2020
411;412;2110;#84B5B2;Monday, 26 October 2020
411;511;4455;#6B9E59;Saturday, 14 October 2017
412;413;9820;#E8C960;Thursday, 22 December 2016
412;512;634;#D1605E;Tuesday, 24 September 2019
413;414;4274;#84B5B2;Thursday, 10 March 2016
413;513;1141;#E8C960;Sunday, 22 April 2018
414;415;3960;#5779A3;Monday, 12 September 2016
414;514;5783;#A77D9F;Thursday, 31 March 2016
415;416;1671;#E59244;Monday, 23 September 2019
415;515;2431;#A77D9F;Saturday, 1 December 2018
416;417;3195;#D1605E;Sunday, 23 April 2017
416;516;1193;#6B9E59;Tuesday, 17 January 2017
417;418;2475;#E8C960;Monday, 3 December 2018
417;517;2157;#D1605E;Friday, 26 April 2019
418;419;9327;#D1605E;Friday, 15 September 2017
418;518;4500;#D1605E;Saturday, 9 June 2018
419;420;8094;#84B5B2;Wednesday, 23 September 2020
419;519;2857;#A77D9F;Wednesday, 15 July 2020
420;421;5760;#E59244;Sunday, 2 August 2020
420;520;5353;#E59244;Saturday, 24 February 2018
421;422;8600;#84B5B2;Monday, 14 August 2017
421;521;7830;#E8C960;Thursday, 26 March 2020
422;423;7973;#A77D9F;Saturday, 26 October 2019
422;522;2364;#6B9E59;Sunday, 5 November 2017
423;424;6356;#E59244;Wednesday, 4 November 2020
423;523;7487;#5779A3;Sunday, 25 February 2018
424;425;2270;#D1605E;Thursday, 18 August 2016
424;524;8290;#E8C960;Sunday, 18 December 2016
425;426;4085;#6B9E59;Tuesday, 2 May 2017
425;525;2222;#E59244;Wednesday, 1 June 2016
426;427;864;#6B9E59;Thursday, 23 June 2016
426;526;9479;#F2A2A8;Friday, 16 December 2016
427;428;9435;#5779A3;Thursday, 13 April 2017
427;527;9611;#84B5B2;Sunday, 10 July 2016
428;429;2185;#F2A2A8;Monday, 3 July 2017
428;528;4874;#F2A2A8;Tuesday, 27 June 2017
429;430;8797;#E8C960;Friday, 7 October 2016
429;529;2517;#A77D9F;Tuesday, 31 December 2019
430;431;4409;#5779A3;Friday, 3 November 2017
430;530;716;#A77D9F;Friday, 27 July 2018
431;432;1057;#E59244;Monday, 5 September 2016
431;531;4373;#E59244;Saturday, 9 December 2017
432;433;1146;#A77D9F;Tuesday, 11 September 2018
432;532;3370;#A77D9F;Thursday, 16 February 2017
433;434;5970;#5779A3;Thursday, 9 January 2020
433;533;8128;#A77D9F;Sunday, 20 May 2018
434;435;7295;#5779A3;Monday, 22 October 2018
434;534;790;#F2A2A8;Sunday, 16 October 2016
435;436;9518;#84B5B2;Thursday, 25 August 2016
435;535;2108;#A77D9F;Monday, 1 October 2018
436;437;5676;#E8C960;Friday, 5 July 2019
436;536;2141;#84B5B2;Wednesday, 1 November 2017
437;438;5106;#5779A3;Friday, 30 December 2016
437;537;4407;#E8C960;Friday, 27 April 2018
438;439;8344;#5779A3;Monday, 10 July 2017
438;538;9182;#A77D9F;Thursday, 15 February 2018
439;440;9549;#E59244;Wednesday, 26 December 2018
439;539;960;#6B9E59;Friday, 10 April 2020
440;441;2024;#E8C960;Friday, 27 September 2019
440;540;3222;#5779A3;Tuesday, 17 April 2018
441;442;1471;#F2A2A8;Tuesday, 19 February 2019
441;541;9104;#5779A3;Wednesday, 13 June 2018
442;443;2254;#6B9E59;Monday, 12 September 2016
442;542;2194;#D1605E;Wednesday, 27 December 2017
443;444;2561;#A77D9F;Thursday, 15 November 2018
443;543;8094;#6B9E59;Thursday, 27 July 2017
444;445;594;#F2A2A8;Sunday, 8 May 2016
444;544;3284;#E8C960;Sunday, 10 December 2017
445;446;161;#E8C960;Monday, 8 April 2019
445;545;7904;#6B9E59;Sunday, 25 December 2016
446;447;8933;#84B5B2;Tuesday, 21 August 2018
446;546;5955;#5779A3;Thursday, 22 June 2017
447;448;3680;#6B9E59;Friday, 10 May 2019
447;547;4530;#E59244;Tuesday, 26 December 2017
448;449;2730;#D1605E;Tuesday, 25 February 2020
448;548;1695;#D1605E;Monday, 4 September 2017
449;450;4030;#D1605E;Sunday, 30 June 2019
449;549;8155;#E8C960;Friday, 25 September 2020
450;451;110;#E8C960;Saturday, 15 February 2020
450;550;7561;#E8C960;Tuesday, 31 May 2016
451;452;4587;#F2A2A8;Thursday, 2 February 2017
451;551;6172;#D1605E;Sunday, 3 February 2019
452;453;2417;#84B5B2;Monday, 20 May 2019
452;552;354;#5779A3;Thursday, 20 August 2020
453;454;5602;#D1605E;Friday, 19 July 2019
453;553;1167;#6B9E59;Thursday, 5 March 2020
454;455;598;#6B9E59;Tuesday, 1 March 2016
454;554;6950;#E8C960;Tuesday, 20 December 2016
455;456;2683;#D1605E;Sunday, 10 July 2016
455;555;564;#E59244;Friday, 9 October 2020
456;457;5318;#A77D9F;Friday, 10 March 2017
456;556;2252;#E59244;Saturday, 14 September 2019
457;458;7984;#5779A3;Sunday, 2 December 2018
457;557;759;#D1605E;Wednesday, 2 August 2017
458;459;831;#6B9E59;Sunday, 23 December 2018
458;558;7561;#5779A3;Wednesday, 7 June 2017
459;460;6372;#E8C960;Friday, 29 March 2019
459;559;2398;#6B9E59;Sunday, 16 June 2019
460;461;5466;#6B9E59;Monday, 30 May 2016
460;560;7446;#A77D9F;Wednesday, 24 January 2018
461;462;7607;#6B9E59;Friday, 7 December 2018
461;561;9924;#A77D9F;Saturday, 19 September 2020
462;463;6362;#6B9E59;Wednesday, 3 October 2018
462;562;5244;#84B5B2;Friday, 11 August 2017
463;464;200;#E59244;Monday, 18 March 2019
463;563;5779;#E8C960;Saturday, 28 November 2020
464;465;2906;#A77D9F;Tuesday, 15 October 2019
464;564;3421;#A77D9F;Thursday, 25 August 2016
465;466;7732;#5779A3;Friday, 1 June 2018
465;565;2029;#84B5B2;Saturday, 22 October 2016
466;467;6433;#E8C960;Thursday, 23 August 2018
466;566;3325;#6B9E59;Thursday, 11 July 2019
467;468;1576;#E8C960;Friday, 2 September 2016
467;567;8110;#5779A3;Wednesday, 17 January 2018
468;469;2016;#D1605E;Wednesday, 1 February 2017
468;568;1586;#5779A3;Saturday, 24 October 2020
469;470;3682;#E8C960;Sunday, 30 October 2016
469;569;5367;#6B9E59;Tuesday, 21 May 2019
470;471;9444;#E59244;Tuesday, 12 May 2020
470;570;1252;#E59244;Wednesday, 1 May 2019
471;472;8974;#F2A2A8;Monday, 23 October 2017
471;571;9372;#E59244;Thursday, 13 July 2017
472;473;2098;#A77D9F;Wednesday, 6 June 2018
472;572;52;#E59244;Wednesday, 11 November 2020
473;474;7043;#5779A3;Thursday, 12 November 2020
473;573;1978;#F2A2A8;Wednesday, 15 November 2017
474;475;4097;#D1605E;Wednesday, 29 November 2017
474;574;8579;#5779A3;Saturday, 15 June 2019
475;476;5580;#A77D9F;Sunday, 21 April 2019
475;575;1598;#5779A3;Saturday, 17 November 2018
476;477;7501;#F2A2A8;Sunday, 27 December 2020
476;576;8354;#5779A3;Friday, 10 March 2017
477;478;2847;#D1605E;Friday, 12 July 2019
477;577;136;#5779A3;Sunday, 18 December 2016
478;479;2827;#D1605E;Sunday, 24 April 2016
478;578;4165;#F2A2A8;Wednesday, 9 October 2019
479;480;720;#84B5B2;Saturday, 23 February 2019
479;579;3621;#A77D9F;Monday, 4 September 2017
480;481;8965;#5779A3;Saturday, 30 January 2016
480;580;930;#E8C960;Wednesday, 29 November 2017
481;482;6506;#F2A2A8;Wednesday, 1 August 2018
481;581;8184;#84B5B2;Tuesday, 14 April 2020
482;483;2123;#5779A3;Wednesday, 8 May 2019
482;582;5371;#A77D9F;Wednesday, 18 July 2018
483;484;5219;#6B9E59;Thursday, 26 November 2020
483;583;5428;#5779A3;Thursday, 31 October 2019
484;485;9311;#84B5B2;Monday, 3 August 2020
484;584;7849;#E8C960;Sunday, 26 July 2020
485;486;8823;#F2A2A8;Wednesday, 31 January 2018
485;585;2964;#E8C960;Tuesday, 17 September 2019
486;487;579;#5779A3;Monday, 29 August 2016
486;586;7587;#6B9E59;Tuesday, 2 April 2019
487;488;9226;#5779A3;Thursday, 3 January 2019
487;587;749;#84B5B2;Sunday, 6 January 2019
488;489;9627;#6B9E59;Monday, 3 December 2018
488;588;8845;#F2A2A8;Friday, 19 May 2017
489;490;4835;#E59244;Wednesday, 10 October 2018
489;589;7076;#E59244;Wednesday, 12 April 2017
490;491;6150;#D1605E;Thursday, 14 January 2016
490;590;9398;#6B9E59;Wednesday, 10 February 2016
491;492;3277;#E8C960;Tuesday, 8 September 2020
491;591;7659;#5779A3;Sunday, 15 November 2020
492;493;1543;#A77D9F;Tuesday, 31 December 2019
492;592;5159;#5779A3;Friday, 10 November 2017
493;494;4172;#D1605E;Sunday, 14 February 2016
493;593;2649;#D1605E;Saturday, 20 June 2020
494;495;6401;#D1605E;Tuesday, 5 May 2020
494;594;8562;#5779A3;Thursday, 7 June 2018
495;496;9960;#F2A2A8;Monday, 5 September 2016
495;595;2511;#F2A2A8;Thursday, 25 August 2016
496;497;1524;#5779A3;Monday, 26 October 2020
496;596;8335;#6B9E59;Wednesday, 7 March 2018
497;498;2207;#D1605E;Wednesday, 13 March 2019
497;597;3402;#5779A3;Tuesday, 28 January 2020
498;499;6655;#84B5B2;Friday, 9 June 2017
498;598;8188;#D1605E;Tuesday, 17 July 2018
499;599;7025;#E8C960;Friday, 26 October 2018
500;501;472;#D1605E;Wednesday, 11 October 2017
500;600;2814;#E59244;Saturday, 15 July 2017
501;502;4678;#84B5B2;Monday, 19 February 2018
501;601;8781;#D1605E;Friday, 29 November 2019
502;503;6975;#84B5B2;Sunday, 2 August 2020
502;602;2275;#84B5B2;Wednesday, 12 September 2018
503;504;8755;#D1605E;Friday, 21 August 2020
503;603;8375;#E59244;Wednesday, 15 August 2018
504;505;9585;#E8C960;Friday, 8 February 2019
504;604;3705;#E8C960;Friday, 16 August 2019
505;506;4951;#5779A3;Sunday, 16 December 2018
505;605;7395;#D1605E;Monday, 2 July 2018
506;507;3421;#F2A2A8;Saturday, 10 October 2020
506;606;203;#84B5B2;Monday, 10 December 2018
507;508;9496;#84B5B2;Monday, 8 June 2020
507;607;5410;#E59244;Tuesday, 1 January 2019
508;509;7640;#D1605E;Saturday, 2 January 2016
508;608;1822;#F2A2A8;Thursday, 22 March 2018
509;510;6357;#6B9E59;Tuesday, 2 April 2019
509;609;9496;#5779A3;Saturday, 25 April 2020
510;511;6536;#A77D9F;Thursday, 19 December 2019
510;610;441;#84B5B2;Monday, 3 October 2016
511;512;6017;#A77D9F;Thursday, 4 April 2019
511;611;3450;#F2A2A8;Saturday, 20 February 2016
512;513;6374;#5779A3;Monday, 26 September 2016
512;612;3517;#E59244;Sunday, 31 March 2019
513;514;2729;#84B5B2;Wednesday, 26 August 2020
513;613;4100;#E8C960;Thursday, 8 June 2017
514;515;7372;#E8C960;Friday, 2 August 2019
514;614;7638;#5779A3;Saturday, 8 July 2017
515;516;948;#D1605E;Friday, 28 June 2019
515;615;4503;#6B9E59;Monday, 15 January 2018
516;517;9407;#D1605E;Tuesday, 29 December 2020
516;616;3573;#5779A3;Tuesday, 17 May 2016
517;518;8204;#E8C960;Thursday, 27 August 2020
517;617;7682;#D1605E;Wednesday, 16 August 2017
518;519;5071;#D1605E;Wednesday, 26 July 2017
518;618;5118;#E59244;Tuesday, 3 January 2017
519;520;3273;#D1605E;Friday, 5 August 2016
519;619;5959;#A77D9F;Friday, 12 July 2019
520;521;554;#E8C960;Wednesday, 29 November 2017
520;620;5532;#84B5B2;Monday, 1 August 2016
521;522;7360;#E59244;Thursday, 23 November 2017
521;621;3681;#84B5B2;Saturday, 18 July 2020
522;523;5602;#D1605E;Thursday, 2 August 2018
522;622;5829;#84B5B2;Friday, 9 September 2016
523;524;591;#84B5B2;Friday, 6 October 2017
523;623;6747;#6B9E59;Tuesday, 31 July 2018
524;525;7490;#F2A2A8;Saturday, 30 June 2018
524;624;8023;#5779A3;Saturday, 15 September 2018
525;526;776;#E8C960;Thursday, 15 March 2018
525;625;1036;#6B9E59;Friday, 4 March 2016
526;527;2564;#A77D9F;Friday, 1 June 2018
526;626;4012;#E8C960;Monday, 17 June 2019
527;528;8784;#5779A3;Thursday, 8 December 2016
527;627;9460;#E59244;Saturday, 3 September 2016
528;529;4331;#84B5B2;Monday, 6 January 2020
528;628;1181;#A77D9F;Monday, 11 February 2019
529;530;733;#E8C960;Sunday, 10 January 2016
529;629;2295;#D1605E;Saturday, 11 February 2017
530;531;4986;#E8C960;Saturday, 11 April 2020
530;630;5686;#F2A2A8;Friday, 9 March 2018
531;532;2678;#84B5B2;Sunday, 17 November 2019
531;631;8064;#6B9E59;Sunday, 2 October 2016
532;533;3652;#D1605E;Friday, 31 January 2020
532;632;8559;#84B5B2;Friday, 19 October 2018
533;534;5022;#6B9E59;Monday, 2 July 2018
533;633;7086;#E59244;Saturday, 13 January 2018
534;535;9235;#E8C960;Wednesday, 8 March 2017
534;634;5216;#E59244;Tuesday, 19 March 2019
535;536;3705;#A77D9F;Sunday, 15 May 2016
535;635;8023;#F2A2A8;Monday, 14 January 2019
536;537;3473;#D1605E;Saturday, 3 October 2020
536;636;7505;#D1605E;Sunday, 8 January 2017
537;538;9776;#F2A2A8;Monday, 23 December 2019
537;637;5027;#A77D9F;Tuesday, 11 October 2016
538;539;5363;#D1605E;Friday, 2 August 2019
538;638;3146;#84B5B2;Saturday, 17 December 2016
539;540;3001;#84B5B2;Friday, 16 February 2018
539;639;517;#D1605E;Thursday, 5 July 2018
540;541;5062;#F2A2A8;Tuesday, 24 May 2016
540;640;5966;#A77D9F;Sunday, 4 December 2016
541;542;9991;#5779A3;Friday, 11 March 2016
541;641;73;#6B9E59;Wednesday, 7 November 2018
542;543;4942;#E8C960;Tuesday, 27 March 2018
542;642;5697;#D1605E;Saturday, 10 September 2016
543;544;3943;#E8C960;Wednesday, 11 December 2019
543;643;326;#5779A3;Friday, 15 July 2016
544;545;3237;#F2A2A8;Wednesday, 22 August 2018
544;644;5644;#E8C960;Thursday, 25 May 2017
545;546;1003;#6B9E59;Wednesday, 15 April 2020
545;645;9598;#F2A2A8;Saturday, 18 March 2017
546;547;8759;#E59244;Sunday, 8 November 2020
546;646;250;#E8C960;Wednesday, 27 January 2016
547;548;3911;#5779A3;Wednesday, 9 May 2018
547;647;6353;#A77D9F;Wednesday, 18 September 2019
548;549;593;#F2A2A8;Friday, 24 February 2017
548;648;9569;#84B5B2;Monday, 18 December 2017
549;550;1688;#5779A3;Sunday, 18 February 2018
549;649;8887;#F2A2A8;Sunday, 10 July 2016
550;551;3364;#84B5B2;Monday, 28 March 2016
550;650;356;#F2A2A8;Friday, 18 November 2016
551;552;5222;#84B5B2;Sunday, 14 May 2017
551;651;2231;#E59244;Wednesday, 22 May 2019
552;553;4800;#E59244;Wednesday, 29 June 2016
552;652;4647;#D1605E;Sunday, 5 June 2016
553;554;3181;#E8C960;Friday, 22 January 2016
553;653;1874;#84B5B2;Friday, 20 November 2020
554;555;3936;#F2A2A8;Tuesday, 11 September 2018
554;654;7967;#6B9E59;Friday, 2 October 2020
555;556;2384;#5779A3;Thursday, 26 July 2018
555;655;2930;#E8C960;Monday, 31 August 2020
556;557;1421;#5779A3;Sunday, 17 May 2020
556;656;6536;#D1605E;Friday, 9 November 2018
557;558;7514;#E8C960;Monday, 26 October 2020
557;657;3043;#E8C960;Thursday, 11 April 2019
558;559;1397;#D1605E;Wednesday, 21 June 2017
558;658;3894;#84B5B2;Wednesday, 23 October 2019
559;560;9751;#F2A2A8;Saturday, 28 July 2018
559;659;2671;#6B9E59;Wednesday, 9 September 2020
560;561;9333;#6B9E59;Tuesday, 14 January 2020
560;660;7687;#6B9E59;Sunday, 1 April 2018
561;562;4123;#E59244;Saturday, 18 July 2020
561;661;6325;#D1605E;Thursday, 2 January 2020
562;563;9427;#5779A3;Saturday, 4 February 2017
562;662;803;#E8C960;Wednesday, 24 August 2016
563;564;2082;#F2A2A8;Wednesday, 1 May 2019
563;663;4219;#D1605E;Thursday, 7 May 2020
564;565;657;#A77D9F;Monday, 17 April 2017
564;664;747;#A77D9F;Friday, 9 October 2020
565;566;2510;#E59244;Thursday, 24 November 2016
565;665;5786;#A77D9F;Tuesday, 1 March 2016
566;567;2772;#A77D9F;Sunday, 27 September 2020
566;666;8971;#E8C960;Saturday, 28 January 2017
567;568;5478;#E59244;Wednesday, 3 July 2019
567;667;8100;#5779A3;Tuesday, 9 June 2020
568;569;8451;#E8C960;Sunday, 6 August 2017
568;668;6571;#E59244;Tuesday, 6 September 2016
569;570;5040;#5779A3;Wednesday, 26 December 2018
569;669;5721;#E59244;Friday, 6 September 2019
570;571;294;#D1605E;Tuesday, 23 May 2017
570;670;4371;#D1605E;Thursday, 9 August 2018
571;572;1679;#84B5B2;Wednesday, 19 July 2017
571;671;7311;#84B5B2;Saturday, 18 August 2018
572;573;5751;#5779A3;Thursday, 22 June 2017
572;672;759;#E59244;Thursday, 16 May 2019
573;574;9250;#84B5B2;Tuesday, 12 December 2017
573;673;2315;#E8C960;Wednesday, 6 January 2016
574;575;1828;#6B9E59;Friday, 4 January 2019
574;674;4191;#F2A2A8;Friday, 14 October 2016
575;576;3886;#E59244;Wednesday, 16 January 2019
575;675;1107;#A77D9F;Tuesday, 12 December 2017
576;577;9060;#F2A2A8;Monday, 26 October 2020
576;676;5392;#6B9E59;Wednesday, 5 July 2017
577;578;7940;#6B9E59;Friday, 2 November 2018
577;677;125;#E59244;Sunday, 31 March 2019
578;579;1088;#D1605E;Monday, 25 April 2016
578;678;1275;#5779A3;Tuesday, 21 August 2018
579;580;4251;#E59244;Friday, 6 November 2020
579;679;6377;#A77D9F;Monday, 6 November 2017
580;581;3381;#F2A2A8;Saturday, 8 December 2018
580;680;4138;#D1605E;Saturday, 2 March 2019
581;582;290;#E59244;Friday, 31 May 2019
581;681;5874;#6B9E59;Wednesday, 7 February 2018
582;583;3209;#6B9E59;Wednesday, 28 October 2020
582;682;190;#E59244;Thursday, 5 November 2020
583;584;9409;#6B9E59;Monday, 5 September 2016
583;683;720;#F2A2A8;Wednesday, 9 December 2020
584;585;4219;#A77D9F;Monday, 1 June 2020
584;684;3564;#F2A2A8;Monday, 25 November 2019
585;586;943;#84B5B2;Saturday, 24 September 2016
585;685;699;#F2A2A8;Thursday, 21 July 2016
586;587;659;#84B5B2;Friday, 4 August 2017
586;686;3568;#E8C960;Monday, 15 May 2017
587;588;615;#D1605E;Tuesday, 8 November 2016
587;687;2181;#F2A2A8;Wednesday, 25 March 2020
588;589;2812;#F2A2A8;Tuesday, 4 October 2016
588;688;3242;#A77D9F;Wednesday, 13 June 2018
589;590;5868;#F2A2A8;Saturday, 28 July 2018
589;689;9526;#D1605E;Tuesday, 16 August 2016
590;591;20;#A77D9F;Friday, 4 March 2016
590;690;7008;#A77D9F;Friday, 20 December 2019
591;592;5286;#E59244;Sunday, 24 July 2016
591;691;3812;#A77D9F;Friday, 14 August 2020
592;593;8696;#D1605E;Sunday, 14 June 2020
592;692;4723;#6B9E59;Monday, 22 June 2020
593;594;6708;#6B9E59;Sunday, 28 February 2016
593;693;8202;#E8C960;Sunday, 3 November 2019
594;595;3081;#84B5B2;Saturday, 17 November 2018
594;694;6018;#D1605E;Thursday, 21 November 2019
595;596;297;#6B9E59;Friday, 1 March 2019
595;695;5524;#D1605E;Wednesday, 27 November 2019
596;597;9281;#84B5B2;Thursday, 1 March 2018
596;696;7731;#6B9E59;Saturday, 17 February 2018
597;598;9008;#5779A3;Sunday, 30 June 2019
597;697;4489;#E59244;Sunday, 31 March 2019
598;599;7411;#5779A3;Saturday, 23 May 2020
598;698;7281;#5779A3;Tuesday, 29 October 2019
599;699;4885;#84B5B2;Wednesday, 2 December 2020
600;601;4145;#E59244;Friday, 21 July 2017
600;700;1874;#E59244;Tuesday, 20 August 2019
601;602;3023;#5779A3;Sunday, 7 February 2016
601;701;9377;#5779A3;Friday, 10 May 2019
602;603;7696;#5779A3;Saturday, 2 September 2017
602;702;6772;#E8C960;Friday, 11 March 2016
603;604;1885;#5779A3;Saturday, 12 August 2017
603;703;3984;#E59244;Saturday, 25 May 2019
604;605;5790;#E59244;Wednesday, 12 June 2019
604;704;1422;#D1605E;Wednesday, 6 November 2019
605;606;9699;#E8C960;Sunday, 29 October 2017
605;705;7851;#84B5B2;Saturday, 26 October 2019
606;607;7997;#E59244;Friday, 13 May 2016
606;706;9176;#F2A2A8;Saturday, 1 August 2020
607;608;8176;#D1605E;Friday, 6 November 2020
607;707;2412;#5779A3;Wednesday, 23 January 2019
608;609;9198;#E8C960;Saturday, 8 July 2017
608;708;2970;#84B5B2;Monday, 3 December 2018
609;610;7685;#E59244;Friday, 15 May 2020
609;709;2977;#E8C960;Sunday, 21 April 2019
610;611;1211;#A77D9F;Monday, 4 March 2019
610;710;6841;#84B5B2;Monday, 31 July 2017
611;612;3554;#E8C960;Sunday, 30 April 2017
611;711;4264;#E8C960;Tuesday, 5 June 2018
612;613;1619;#A77D9F;Friday, 15 November 2019
612;712;651;#E8C960;Saturday, 13 May 2017
613;614;2555;#E8C960;Thursday, 15 February 2018
613;713;1868;#6B9E59;Friday, 13 January 2017
614;615;2568;#D1605E;Wednesday, 24 August 2016
614;714;6447;#A77D9F;Friday, 20 April 2018
615;616;5006;#E8C960;Saturday, 29 December 2018
615;715;7803;#5779A3;Friday, 7 June 2019
616;617;5682;#D1605E;Sunday, 28 October 2018
616;716;4034;#D1605E;Tuesday, 5 March 2019
617;618;5226;#6B9E59;Saturday, 8 February 2020
617;717;9112;#D1605E;Tuesday, 5 June 2018
618;619;2422;#6B9E59;Tuesday, 28 April 2020
618;718;6799;#E59244;Saturday, 7 December 2019
619;620;2927;#6B9E59;Wednesday, 10 July 2019
619;719;2697;#84B5B2;Monday, 7 August 2017
620;621;2306;#E59244;Friday, 17 November 2017
620;720;5438;#F2A2A8;Monday, 29 February 2016
621;622;6433;#84B5B2;Tuesday, 19 December 2017
621;721;9719;#F2A2A8;Wednesday, 18 March 2020
622;623;6829;#5779A3;Sunday, 10 November 2019
622;722;334;#D1605E;Saturday, 2 December 2017
623;624;7355;#E59244;Thursday, 28 May 2020
623;723;3670;#84B5B2;Tuesday, 19 February 2019
624;625;907;#F2A2A8;Wednesday, 31 January 2018
624;724;4327;#E59244;Sunday, 1 May 2016
625;626;1788;#A77D9F;Sunday, 26 March 2017
625;725;8508;#A77D9F;Saturday, 16 September 2017
626;627;1858;#6B9E59;Wednesday, 17 August 2016
626;726;7342;#84B5B2;Wednesday, 30 March 2016
627;628;684;#84B5B2;Tuesday, 10 December 2019
627;727;421;#E59244;Wednesday, 28 October 2020
628;629;4852;#6B9E59;Sunday, 3 January 2016
628;728;1991;#E8C960;Wednesday, 16 August 2017
629;630;4948;#E59244;Friday, 19 April 2019
629;729;4884;#E8C960;Saturday, 28 October 2017
630;631;3220;#5779A3;Tuesday, 7 March 2017
630;730;8337;#E8C960;Wednesday, 26 June 2019
631;632;4964;#5779A3;Saturday, 15 October 2016
631;731;7358;#5779A3;Saturday, 30 September 2017
632;633;1913;#A77D9F;Friday, 14 August 2020
632;732;5619;#5779A3;Sunday, 13 November 2016
633;634;823;#E8C960;Saturday, 20 January 2018
633;733;5461;#84B5B2;Tuesday, 9 May 2017
634;635;1748;#A77D9F;Friday, 5 April 2019
634;734;2206;#84B5B2;Sunday, 26 June 2016
635;636;540;#E8C960;Tuesday, 10 April 2018
635;735;2170;#E8C960;Thursday, 28 July 2016
636;637;3653;#E8C960;Sunday, 15 September 2019
636;736;1782;#84B5B2;Sunday, 22 November 2020
637;638;7676;#F2A2A8;Saturday, 8 December 2018
637;737;8601;#6B9E59;Saturday, 21 May 2016
638;639;5179;#84B5B2;Friday, 21 June 2019
638;738;8052;#A77D9F;Saturday, 20 August 2016
639;640;8526;#6B9E59;Friday, 24 November 2017
639;739;4060;#84B5B2;Monday, 11 January 2016
640;641;6901;#A77D9F;Sunday, 25 February 2018
640;740;3197;#84B5B2;Friday, 3 February 2017
641;642;5963;#A77D9F;Tuesday, 5 July 2016
641;741;5642;#E59244;Friday, 14 December 2018
642;643;2842;#84B5B2;Wednesday, 4 December 2019
642;742;9057;#5779A3;Wednesday, 9 January 2019
643;644;1118;#D1605E;Wednesday, 27 January 2016
643;743;562;#F2A2A8;Wednesday, 16 October 2019
644;645;2944;#D1605E;Wednesday, 30 November 2016
644;744;164;#F2A2A8;Thursday, 14 February 2019
645;646;3540;#E59244;Saturday, 3 December 2016
645;745;8798;#84B5B2;Thursday, 12 December 2019
646;647;8011;#5779A3;Thursday, 4 August 2016
646;746;5855;#F2A2A8;Friday, 20 March 2020
647;648;137;#5779A3;Monday, 4 November 2019
647;747;3265;#D1605E;Wednesday, 13 April 2016
648;649;8115;#D1605E;Monday, 11 March 2019
648;748;8560;#E8C960;Thursday, 18 June 2020
649;650;2706;#E59244;Monday, 24 June 2019
649;749;4848;#A77D9F;Sunday, 20 September 2020
650;651;5368;#84B5B2;Friday, 19 May 2017
650;750;5767;#E59244;Tuesday, 23 April 2019
651;652;7469;#E8C960;Tuesday, 1 December 2020
651;751;1316;#E8C960;Monday, 27 January 2020
652;653;5811;#E8C960;Monday, 6 August 2018
652;752;9914;#6B9E59;Thursday, 14 December 2017
653;654;7233;#6B9E59;Sunday, 16 July 2017
653;753;9290;#D1605E;Monday, 29 August 2016
654;655;2421;#E8C960;Thursday, 15 February 2018
654;754;2389;#E59244;Wednesday, 12 December 2018
655;656;6761;#A77D9F;Tuesday, 6 June 2017
655;755;9742;#F2A2A8;Friday, 9 August 2019
656;657;7088;#D1605E;Saturday, 21 March 2020
656;756;8370;#D1605E;Monday, 6 March 2017
657;658;4792;#F2A2A8;Friday, 8 May 2020
657;757;5569;#F2A2A8;Saturday, 19 October 2019
658;659;8757;#E59244;Saturday, 21 January 2017
658;758;4877;#F2A2A8;Tuesday, 6 February 2018
659;660;2881;#84B5B2;Thursday, 28 September 2017
659;759;2209;#A77D9F;Wednesday, 12 October 2016
660;661;5217;#5779A3;Wednesday, 9 January 2019
660;760;5829;#84B5B2;Saturday, 17 February 2018
661;662;4829;#E8C960;Saturday, 4 August 2018
661;761;8563;#84B5B2;Saturday, 6 June 2020
662;663;7655;#F2A2A8;Saturday, 22 December 2018
662;762;3337;#5779A3;Friday, 19 June 2020
663;664;8287;#E59244;Saturday, 8 August 2020
663;763;7185;#A77D9F;Thursday, 7 November 2019
664;665;6710;#D1605E;Friday, 10 February 2017
664;764;8073;#84B5B2;Sunday, 18 February 2018
665;666;6696;#A77D9F;Monday, 2 March 2020
665;765;5640;#A77D9F;Tuesday, 29 March 2016
666;667;402;#84B5B2;Saturday, 17 February 2018
666;766;1134;#6B9E59;Friday, 6 November 2020
667;668;790;#84B5B2;Thursday, 12 January 2017
667;767;5408;#6B9E59;Monday, 25 December 2017
668;669;4069;#E59244;Tuesday, 24 July 2018
668;768;5145;#6B9E59;Wednesday, 14 October 2020
669;670;7847;#A77D9F;Monday, 13 August 2018
669;769;2840;#D1605E;Monday, 1 October 2018
670;671;7375;#84B5B2;Thursday, 30 November 2017
670;770;8254;#F2A2A8;Sunday, 14 April 2019
671;672;1310;#E59244;Friday, 10 November 2017
671;771;3929;#E59244;Sunday, 30 April 2017
672;673;4490;#84B5B2;Tuesday, 12 March 2019
672;772;7367;#E59244;Tuesday, 12 May 2020
673;674;9580;#D1605E;Friday, 30 September 2016
673;773;1492;#A77D9F;Tuesday, 25 June 2019
674;675;58;#D1605E;Wednesday, 14 February 2018
674;774;4913;#E59244;Monday, 26 October 2020
675;676;5219;#D1605E;Wednesday, 7 February 2018
675;775;9683;#E8C960;Monday, 5 June 2017
676;677;2016;#A77D9F;Thursday, 11 January 2018
676;776;8596;#6B9E59;Sunday, 30 September 2018
677;678;2510;#5779A3;Sunday, 13 November 2016
677;777;3988;#84B5B2;Friday, 25 December 2020
678;679;3740;#6B9E59;Thursday, 21 January 2016
678;778;1886;#5779A3;Thursday, 14 January 2016
679;680;8174;#6B9E59;Tuesday, 5 September 2017
679;779;6936;#6B9E59;Saturday, 11 November 2017
680;681;4254;#D1605E;Thursday, 28 November 2019
680;780;486;#D1605E;Monday, 3 August 2020
681;682;2443;#F2A2A8;Friday, 13 September 2019
681;781;1474;#E8C960;Monday, 13 June 2016
682;683;2269;#6B9E59;Thursday, 18 January 2018
682;782;1823;#84B5B2;Tuesday, 14 November 2017
683;684;1257;#84B5B2;Monday, 11 December 2017
683;783;5971;#84B5B2;Thursday, 8 October 2020
684;685;5958;#84B5B2;Wednesday, 30 May 2018
684;784;7746;#5779A3;Thursday, 17 October 2019
685;686;9581;#5779A3;Tuesday, 14 January 2020
685;785;1633;#E59244;Tuesday, 23 June 2020
686;687;3169;#F2A2A8;Sunday, 17 December 2017
686;786;7412;#E59244;Saturday, 5 September 2020
687;688;8860;#5779A3;Wednesday, 20 November 2019
687;787;4119;#6B9E59;Sunday, 31 July 2016
688;689;371;#A77D9F;Monday, 28 August 2017
688;788;5106;#D1605E;Thursday, 24 March 2016
689;690;9094;#F2A2A8;Thursday, 7 March 2019
689;789;7261;#E8C960;Monday, 16 January 2017
690;691;5407;#A77D9F;Saturday, 17 March 2018
690;790;3375;#D1605E;Friday, 20 October 2017
691;692;5340;#A77D9F;Friday, 27 March 2020
691;791;5617;#A77D9F;Tuesday, 20 June 2017
692;693;5533;#D1605E;Thursday, 30 April 2020
692;792;9759;#84B5B2;Friday, 23 August 2019
693;694;7563;#F2A2A8;Monday, 13 January 2020
693;793;2849;#5779A3;Saturday, 28 July 2018
694;695;4474;#84B5B2;Thursday, 10 May 2018
694;794;7839;#84B5B2;Monday, 18 April 2016
695;696;8538;#5779A3;Saturday, 24 December 2016
695;795;3433;#E8C960;Thursday, 28 January 2016
696;697;420;#5779A3;Wednesday, 25 September 2019
696;796;3726;#F2A2A8;Thursday, 21 January 2016
697;698;9179;#84B5B2;Friday, 9 October 2020
697;797;9575;#A77D9F;Tuesday, 22 August 2017
698;699;1769;#A77D9F;Sunday, 7 January 2018
698;798;5328;#E8C960;Thursday, 6 October 2016
699;799;3108;#E8C960;Wednesday, 1 February 2017
700;701;9401;#84B5B2;Sunday, 20 May 2018
700;800;7247;#F2A2A8;Wednesday, 19 December 2018
701;702;5251;#6B9E59;Sunday, 30 April 2017
701;801;1998;#A77D9F;Thursday, 24 November 2016
702;703;4866;#84B5B2;Thursday, 14 September 2017
702;802;8170;#E59244;Thursday, 11 April 2019
703;704;6240;#E59244;Saturday, 25 June 2016
703;803;796;#D1605E;Tuesday, 8 August 2017
704;705;3904;#E8C960;Thursday, 13 September 2018
704;804;1067;#E8C960;Friday, 26 February 2016
705;706;4075;#E8C960;Saturday, 3 October 2020
705;805;5028;#E59244;Monday, 11 November 2019
706;707;2953;#6B9E59;Wednesday, 19 December 2018
706;806;4741;#F2A2A8;Saturday, 8 September 2018
707;708;6420;#F2A2A8;Friday, 12 June 2020
707;807;6125;#A77D9F;Thursday, 8 March 2018
708;709;9148;#E59244;Friday, 18 January 2019
708;808;1620;#E8C960;Thursday, 24 January 2019
709;710;9518;#E59244;Thursday, 30 November 2017
709;809;8649;#D1605E;Friday, 24 July 2020
710;711;2769;#A77D9F;Friday, 26 October 2018
710;810;7517;#D1605E;Monday, 26 December 2016
711;712;6852;#E59244;Wednesday, 17 February 2016
711;811;6843;#A77D9F;Friday, 26 August 2016
712;713;7230;#F2A2A8;Monday, 5 October 2020
712;812;1289;#E59244;Saturday, 21 July 2018
713;714;5461;#84B5B2;Sunday, 8 May 2016
713;813;7381;#D1605E;Wednesday, 4 January 2017
714;715;4902;#5779A3;Friday, 16 November 2018
714;814;4770;#6B9E59;Sunday, 23 October 2016
715;716;9435;#A77D9F;Friday, 25 December 2020
715;815;9544;#6B9E59;Thursday, 11 February 2016
716;717;5176;#E59244;Wednesday, 6 June 2018
716;816;1785;#5779A3;Friday, 31 May 2019
717;718;5544;#E8C960;Friday, 23 December 2016
717;817;6438;#E59244;Sunday, 11 December 2016
718;719;74;#A77D9F;Thursday, 16 July 2020
718;818;682;#F2A2A8;Saturday, 5 November 2016
719;720;1970;#D1605E;Thursday, 8 March 2018
719;819;7686;#E59244;Thursday, 21 June 2018
720;721;8257;#6B9E59;Monday, 27 November 2017
720;820;2597;#6B9E59;Thursday, 14 February 2019
721;722;8511;#E8C960;Sunday, 29 January 2017
721;821;5317;#E59244;Wednesday, 29 March 2017
722;723;2071;#84B5B2;Sunday, 16 February 2020
722;822;8533;#5779A3;Sunday, 6 March 2016
723;724;9576;#E8C960;Sunday, 20 November 2016
723;823;1968;#E8C960;Monday, 21 March 2016
724;725;9551;#E59244;Sunday, 22 January 2017
724;824;9653;#E8C960;Saturday, 18 January 2020
725;726;8557;#E8C960;Thursday, 15 August 2019
725;825;7076;#84B5B2;Sunday, 21 January 2018
726;727;2078;#6B9E59;Monday, 14 December 2020
726;826;3143;#F2A2A8;Tuesday, 5 April 2016
727;728;4425;#E8C960;Tuesday, 5 December 2017
727;827;2634;#D1605E;Friday, 18 December 2020
728;729;7172;#E59244;Tuesday, 28 March 2017
728;828;4026;#E59244;Wednesday, 21 June 2017
729;730;407;#A77D9F;Thursday, 2 August 2018
729;829;5234;#84B5B2;Monday, 16 March 2020
730;731;3162;#84B5B2;Saturday, 27 January 2018
730;830;3781;#E8C960;Friday, 11 October 2019
731;732;4278;#D1605E;Friday, 23 September 2016
731;831;9165;#6B9E59;Monday, 27 August 2018
732;733;1187;#A77D9F;Saturday, 5 August 2017
732;832;9539;#6B9E59;Friday, 16 October 2020
733;734;1102;#A77D9F;Saturday, 7 March 2020
733;833;6976;#84B5B2;Sunday, 22 May 2016
734;735;4021;#A77D9F;Sunday, 19 February 2017
734;834;7031;#5779A3;Wednesday, 29 November 2017
735;736;4083;#D1605E;Saturday, 5 August 2017
735;835;4730;#84B5B2;Sunday, 29 April 2018
736;737;8328;#E8C960;Sunday, 20 August 2017
736;836;9785;#6B9E59;Friday, 19 January 2018
737;738;7821;#6B9E59;Thursday, 12 November 2020
737;837;3682;#D1605E;Monday, 23 October 2017
738;739;416;#E59244;Wednesday, 20 November 2019
738;838;136;#F2A2A8;Tuesday, 22 March 2016
739;740;9167;#E8C960;Thursday, 28 May 2020
739;839;4190;#E8C960;Saturday, 23 June 2018
740;741;8995;#6B9E59;Saturday, 14 May 2016
740;840;2486;#6B9E59;Sunday, 16 February 2020
741;742;9575;#84B5B2;Saturday, 16 January 2016
741;841;4078;#F2A2A8;Wednesday, 14 August 2019
742;743;4847;#E59244;Tuesday, 19 May 2020
742;842;4446;#6B9E59;Sunday, 15 September 2019
743;744;6988;#D1605E;Wednesday, 13 July 2016
743;843;1522;#84B5B2;Wednesday, 23 May 2018
744;745;6389;#D1605E;Tuesday, 31 January 2017
744;844;8285;#6B9E59;Sunday, 5 November 2017
745;746;7901;#F2A2A8;Sunday, 1 April 2018
745;845;1886;#6B9E59;Thursday, 16 January 2020
746;747;3833;#5779A3;Monday, 2 May 2016
746;846;8026;#E8C960;Thursday, 8 October 2020
747;748;3341;#E59244;Wednesday, 18 January 2017
747;847;4917;#6B9E59;Saturday, 15 December 2018
748;749;4459;#E59244;Saturday, 24 September 2016
748;848;3353;#5779A3;Monday, 28 September 2020
749;750;1603;#84B5B2;Tuesday, 21 June 2016
749;849;9277;#E8C960;Sunday, 26 June 2016
750;751;6781;#5779A3;Tuesday, 4 July 2017
750;850;2880;#E8C960;Monday, 21 October 2019
751;752;7698;#E8C960;Sunday, 10 January 2016
751;851;8408;#6B9E59;Monday, 1 August 2016
752;753;837;#D1605E;Sunday, 1 October 2017
752;852;7086;#6B9E59;Tuesday, 30 October 2018
753;754;1131;#6B9E59;Wednesday, 8 January 2020
753;853;5052;#84B5B2;Monday, 7 October 2019
754;755;1604;#E8C960;Thursday, 9 August 2018
754;854;1997;#D1605E;Tuesday, 17 January 2017
755;756;7519;#5779A3;Friday, 24 June 2016
755;855;7563;#6B9E59;Friday, 29 May 2020
756;757;6220;#84B5B2;Monday, 8 June 2020
756;856;9700;#E8C960;Monday, 8 April 2019
757;758;9706;#84B5B2;Sunday, 15 September 2019
757;857;2218;#6B9E59;Thursday, 5 March 2020
758;759;1849;#5779A3;Friday, 10 July 2020
758;858;9689;#F2A2A8;Wednesday, 2 March 2016
759;760;9927;#F2A2A8;Thursday, 28 April 2016
759;859;8440;#5779A3;Sunday, 24 September 2017
760;761;1420;#E59244;Wednesday, 21 February 2018
760;860;7450;#84B5B2;Tuesday, 1 January 2019
761;762;8286;#D1605E;Saturday, 23 May 2020
761;861;7464;#84B5B2;Monday, 21 December 2020
762;763;4774;#6B9E59;Tuesday, 16 April 2019
762;862;4332;#A77D9F;Friday, 24 January 2020
763;764;5871;#E8C960;Monday, 26 June 2017
763;863;7441;#D1605E;Monday, 16 April 2018
764;765;4387;#A77D9F;Friday, 1 November 2019
764;864;6328;#6B9E59;Sunday, 1 March 2020
765;766;1011;#E8C960;Tuesday, 31 May 2016
765;865;790;#E59244;Monday, 2 November 2020
766;767;4481;#E8C960;Friday, 1 July 2016
766;866;6924;#5779A3;Friday, 2 December 2016
767;768;2788;#A77D9F;Sunday, 11 March 2018
767;867;2246;#F2A2A8;Sunday, 17 September 2017
768;769;9342;#84B5B2;Saturday, 22 June 2019
768;868;1970;#E59244;Monday, 18 May 2020
769;770;4854;#5779A3;Thursday, 17 March 2016
769;869;4327;#D1605E;Friday, 23 February 2018
770;771;598;#84B5B2;Friday, 15 November 2019
770;870;1784;#6B9E59;Saturday, 2 February 2019
771;772;131;#84B5B2;Monday, 1 June 2020
771;871;3720;#E8C960;Sunday, 18 June 2017
772;773;8799;#5779A3;Saturday, 19 November 2016
772;872;9521;#F2A2A8;Wednesday, 21 February 2018
773;774;8983;#E8C960;Wednesday, 8 June 2016
773;873;9236;#E8C960;Saturday, 17 February 2018
774;775;7947;#E8C960;Monday, 24 April 2017
774;874;4920;#84B5B2;Sunday, 15 September 2019
775;776;7847;#A77D9F;Monday, 15 July 2019
775;875;9084;#E59244;Wednesday, 27 June 2018
776;777;6454;#F2A2A8;Monday, 27 January 2020
776;876;8334;#E59244;Monday, 6 March 2017
777;778;4329;#E8C960;Monday, 18 January 2016
777;877;5156;#E59244;Wednesday, 9 October 2019
778;779;3736;#E59244;Friday, 22 June 2018
778;878;9005;#E59244;Friday, 20 March 2020
779;780;58;#84B5B2;Tuesday, 8 January 2019
779;879;2583;#A77D9F;Sunday, 25 September 2016
780;781;631;#A77D9F;Saturday, 15 December 2018
780;880;9464;#E8C960;Thursday, 19 May 2016
781;782;135;#84B5B2;Wednesday, 10 August 2016
781;881;9185;#E59244;Saturday, 29 June 2019
782;783;7019;#E8C960;Wednesday, 13 November 2019
782;882;4086;#A77D9F;Friday, 2 December 2016
783;784;5388;#5779A3;Thursday, 26 December 2019
783;883;2816;#F2A2A8;Saturday, 21 September 2019
784;785;1888;#6B9E59;Monday, 6 July 2020
784;884;8569;#A77D9F;Wednesday, 24 July 2019
785;786;8627;#84B5B2;Sunday, 25 October 2020
785;885;4884;#F2A2A8;Sunday, 8 April 2018
786;787;5222;#5779A3;Saturday, 27 July 2019
786;886;1753;#A77D9F;Friday, 9 September 2016
787;788;8788;#84B5B2;Monday, 31 August 2020
787;887;2232;#F2A2A8;Monday, 23 December 2019
788;789;936;#F2A2A8;Thursday, 16 April 2020
788;888;8448;#E59244;Wednesday, 1 February 2017
789;790;7345;#6B9E59;Sunday, 18 November 2018
789;889;1895;#D1605E;Monday, 12 February 2018
790;791;1803;#6B9E59;Wednesday, 27 July 2016
790;890;1959;#E59244;Monday, 20 February 2017
791;792;9023;#E8C960;Tuesday, 30 July 2019
791;891;1240;#84B5B2;Friday, 16 November 2018
792;793;4185;#5779A3;Wednesday, 20 March 2019
792;892;2049;#D1605E;Monday, 16 March 2020
793;794;6490;#E59244;Monday, 22 May 2017
793;893;1390;#84B5B2;Sunday, 29 October 2017
794;795;5813;#6B9E59;Saturday, 11 February 2017
794;894;5946;#E59244;Thursday, 29 October 2020
795;796;788;#F2A2A8;Thursday, 30 November 2017
795;895;3052;#E59244;Saturday, 1 October 2016
796;797;3304;#D1605E;Saturday, 9 September 2017
796;896;5893;#5779A3;Friday, 19 February 2016
797;798;1900;#5779A3;Friday, 14 July 2017
797;897;3352;#5779A3;Wednesday, 1 June 2016
798;799;5539;#E59244;Friday, 15 July 2016
798;898;346;#F2A2A8;Wednesday, 20 February 2019
799;899;2785;#F2A2A8;Thursday, 9 May 2019
800;801;1419;#84B5B2;Monday, 25 February 2019
800;900;5151;#6B9E59;Sunday, 23 February 2020
801;802;5315;#6B9E59;Monday, 10 June 2019
801;901;6167;#E8C960;Sunday, 7 April 2019
802;803;9992;#5779A3;Thursday, 18 August 2016
802;902;1951;#5779A3;Saturday, 8 June 2019
803;804;5698;#F2A2A8;Thursday, 2 February 2017
803;903;819;#5779A3;Sunday, 17 January 2016
804;805;6411;#84B5B2;Saturday, 22 December 2018
804;904;9072;#A77D9F;Thursday, 26 January 2017
805;806;3416;#6B9E59;Friday, 11 March 2016
805;905;2303;#6B9E59;Saturday, 10 March 2018
806;807;8002;#84B5B2;Sunday, 28 June 2020
806;906;2246;#5779A3;Sunday, 28 April 2019
807;808;9425;#F2A2A8;Tuesday, 11 February 2020
807;907;5897;#5779A3;Thursday, 17 September 2020
808;809;727;#E59244;Saturday, 2 September 2017
808;908;9063;#D1605E;Friday, 10 February 2017
809;810;2734;#84B5B2;Wednesday, 8 November 2017
809;909;3215;#5779A3;Saturday, 16 September 2017
810;811;4308;#84B5B2;Friday, 29 July 2016
810;910;6711;#D1605E;Friday, 14 August 2020
811;812;7233;#E8C960;Wednesday, 22 March 2017
811;911;8690;#E8C960;Thursday, 10 November 2016
812;813;6947;#E59244;Sunday, 8 September 2019
812;912;1321;#E8C960;Tuesday, 1 May 2018
813;814;6143;#5779A3;Saturday, 5 September 2020
813;913;1464;#F2A2A8;Monday, 9 January 2017
814;815;7015;#D1605E;Tuesday, 24 April 2018
814;914;698;#E8C960;Wednesday, 12 August 2020
815;816;6760;#A77D9F;Sunday, 14 October 2018
815;915;31;#E59244;Tuesday, 2 January 2018
816;817;121;#A77D9F;Sunday, 14 April 2019
816;916;9907;#F2A2A8;Sunday, 31 December 2017
817;818;2039;#F2A2A8;Monday, 29 January 2018
817;917;2088;#F2A2A8;Wednesday, 27 February 2019
818;819;1199;#E59244;Wednesday, 25 July 2018
818;918;9089;#E59244;Tuesday, 15 March 2016
819;820;9314;#5779A3;Thursday, 12 March 2020
819;919;8355;#5779A3;Tuesday, 26 March 2019
820;821;4381;#A77D9F;Tuesday, 8 March 2016
820;920;5325;#D1605E;Sunday, 15 July 2018
821;822;4058;#6B9E59;Friday, 29 November 2019
821;921;9687;#E59244;Tuesday, 29 May 2018
822;823;976;#F2A2A8;Saturday, 22 August 2020
822;922;3041;#F2A2A8;Wednesday, 22 June 2016
823;824;543;#6B9E59;Tuesday, 26 January 2016
823;923;906;#F2A2A8;Thursday, 3 November 2016
824;825;6304;#D1605E;Thursday, 24 October 2019
824;924;101;#D1605E;Monday, 25 May 2020
825;826;8681;#84B5B2;Saturday, 3 February 2018
825;925;6085;#F2A2A8;Tuesday, 22 October 2019
826;827;1384;#6B9E59;Thursday, 24 August 2017
826;926;9745;#84B5B2;Monday, 6 January 2020
827;828;4343;#5779A3;Thursday, 10 September 2020
827;927;4108;#D1605E;Saturday, 26 August 2017
828;829;8472;#D1605E;Friday, 3 April 2020
828;928;7555;#84B5B2;Sunday, 5 July 2020
829;830;8945;#D1605E;Thursday, 5 March 2020
829;929;8912;#6B9E59;Friday, 16 August 2019
830;831;9701;#84B5B2;Tuesday, 25 September 2018
830;930;1818;#A77D9F;Wednesday, 27 November 2019
831;832;923;#A77D9F;Friday, 16 March 2018
831;931;5517;#5779A3;Wednesday, 23 December 2020
832;833;755;#F2A2A8;Tuesday, 17 April 2018
832;932;986;#6B9E59;Sunday, 28 August 2016
833;834;462;#5779A3;Tuesday, 22 August 2017
833;933;8233;#A77D9F;Saturday, 21 March 2020
834;835;7828;#E8C960;Sunday, 17 June 2018
834;934;3262;#E8C960;Monday, 9 November 2020
835;836;952;#A77D9F;Wednesday, 18 May 2016
835;935;3497;#D1605E;Sunday, 18 September 2016
836;837;7542;#84B5B2;Monday, 4 September 2017
836;936;6928;#84B5B2;Wednesday, 11 October 2017
837;838;1497;#5779A3;Sunday, 2 April 2017
837;937;6895;#5779A3;Monday, 12 June 2017
838;839;6705;#6B9E59;Monday, 14 December 2020
838;938;1888;#E8C960;Thursday, 24 May 2018
839;840;7036;#F2A2A8;Tuesday, 21 August 2018
839;939;1740;#F2A2A8;Wednesday, 18 October 2017
840;841;2273;#A77D9F;Thursday, 25 January 2018
840;940;7995;#A77D9F;Wednesday, 30 October 2019
841;842;9176;#84B5B2;Sunday, 17 June 2018
841;941;7348;#6B9E59;Saturday, 3 September 2016
842;843;8494;#D1605E;Wednesday, 8 April 2020
842;942;5427;#A77D9F;Sunday, 21 August 2016
843;844;5369;#F2A2A8;Friday, 20 May 2016
843;943;251;#D1605E;Sunday, 11 June 2017
844;845;5638;#E8C960;Sunday, 26 April 2020
844;944;2471;#E59244;Tuesday, 5 April 2016
845;846;3365;#5779A3;Sunday, 25 August 2019
845;945;4175;#D1605E;Friday, 14 August 2020
846;847;3262;#5779A3;Monday, 11 July 2016
846;946;49;#E59244;Tuesday, 10 April 2018
847;848;6662;#A77D9F;Monday, 17 July 2017
847;947;509;#6B9E59;Monday, 10 September 2018
848;849;9403;#6B9E59;Saturday, 30 November 2019
848;948;8504;#E59244;Tuesday, 16 October 2018
849;850;3518;#E8C960;Saturday, 25 April 2020
849;949;3364;#D1605E;Sunday, 22 March 2020
850;851;5979;#E59244;Friday, 1 December 2017
850;950;9522;#5779A3;Tuesday, 9 October 2018
851;852;8144;#A77D9F;Thursday, 17 December 2020
851;951;1931;#A77D9F;Monday, 20 January 2020
852;853;2306;#E8C960;Wednesday, 12 April 2017
852;952;9325;#D1605E;Thursday, 5 January 2017
853;854;1915;#E59244;Thursday, 19 November 2020
853;953;7787;#E59244;Tuesday, 26 July 2016
854;855;9856;#E59244;Monday, 26 August 2019
854;954;5852;#D1605E;Monday, 9 September 2019
855;856;3837;#84B5B2;Friday, 29 December 2017
855;955;7182;#E8C960;Tuesday, 10 May 2016
856;857;7951;#D1605E;Wednesday, 22 May 2019
856;956;4216;#84B5B2;Monday, 14 November 2016
857;858;6401;#6B9E59;Thursday, 29 August 2019
857;957;8080;#84B5B2;Tuesday, 12 September 2017
858;859;425;#E59244;Friday, 20 December 2019
858;958;1930;#5779A3;Sunday, 2 October 2016
859;860;6756;#D1605E;Saturday, 18 January 2020
859;959;5191;#A77D9F;Friday, 15 April 2016
860;861;8269;#D1605E;Thursday, 14 January 2016
860;960;280;#D1605E;Tuesday, 26 December 2017
861;862;797;#84B5B2;Friday, 24 August 2018
861;961;4385;#E59244;Friday, 15 July 2016
862;863;6243;#5779A3;Sunday, 17 February 2019
862;962;5030;#6B9E59;Sunday, 15 July 2018
863;864;4050;#84B5B2;Saturday, 25 April 2020
863;963;4312;#E59244;Wednesday, 4 September 2019
864;865;41;#5779A3;Monday, 20 May 2019
864;964;8217;#6B9E59;Monday, 1 April 2019
865;866;7864;#84B5B2;Tuesday, 10 September 2019
865;965;9754;#A77D9F;Sunday, 7 July 2019
866;867;2987;#5779A3;Monday, 18 January 2016
866;966;3680;#E8C960;Tuesday, 17 May 2016
867;868;8965;#E59244;Wednesday, 29 November 2017
867;967;4039;#84B5B2;Sunday, 22 September 2019
868;869;9410;#E8C960;Tuesday, 10 December 2019
868;968;3424;#E59244;Sunday, 7 August 2016
869;870;4820;#5779A3;Sunday, 1 March 2020
869;969;1982;#F2A2A8;Sunday, 30 October 2016
870;871;7130;#D1605E;Sunday, 19 June 2016
870;970;3848;#6B9E59;Monday, 4 February 2019
871;872;1648;#84B5B2;Tuesday, 29 May 2018
871;971;10000;#E59244;Monday, 13 March 2017
872;873;1153;#6B9E59;Saturday, 30 September 2017
872;972;250;#84B5B2;Tuesday, 27 November 2018
873;874;7453;#6B9E59;Friday, 4 December 2020
873;973;8349;#5779A3;Saturday, 14 January 2017
874;875;2651;#5779A3;Saturday, 23 May 2020
874;974;1494;#6B9E59;Monday, 26 October 2020
875;876;6659;#A77D9F;Tuesday, 13 August 2019
875;975;1670;#6B9E59;Thursday, 4 April 2019
876;877;9287;#A77D9F;Sunday, 17 September 2017
876;976;3930;#84B5B2;Thursday, 30 May 2019
877;878;127;#F2A2A8;Sunday, 28 July 2019
877;977;7345;#E59244;Sunday, 13 January 2019
878;879;5330;#5779A3;Thursday, 29 October 2020
878;978;9913;#6B9E59;Tuesday, 19 December 2017
879;880;5815;#84B5B2;Wednesday, 20 February 2019
879;979;8430;#5779A3;Wednesday, 31 July 2019
880;881;5475;#F2A2A8;Thursday, 8 October 2020
880;980;6752;#5779A3;Friday, 14 September 2018
881;882;4295;#5779A3;Wednesday, 30 September 2020
881;981;2151;#84B5B2;Monday, 30 January 2017
882;883;5944;#A77D9F;Sunday, 3 July 2016
882;982;6890;#E8C960;Saturday, 12 November 2016
883;884;5666;#D1605E;Saturday, 30 September 2017
883;983;3567;#A77D9F;Sunday, 23 December 2018
884;885;6057;#D1605E;Wednesday, 22 April 2020
884;984;1712;#E8C960;Friday, 17 June 2016
885;886;1362;#84B5B2;Saturday, 30 December 2017
885;985;9564;#F2A2A8;Saturday, 6 July 2019
886;887;9589;#5779A3;Wednesday, 4 October 2017
886;986;505;#F2A2A8;Friday, 12 August 2016
887;888;763;#5779A3;Wednesday, 24 August 2016
887;987;8288;#6B9E59;Wednesday, 12 September 2018
888;889;6278;#E59244;Friday, 31 August 2018
888;988;6931;#D1605E;Saturday, 11 July 2020
889;890;6832;#A77D9F;Wednesday, 19 June 2019
889;989;286;#6B9E59;Thursday, 27 August 2020
890;891;5157;#E8C960;Tuesday, 4 October 2016
890;990;610;#F2A2A8;Friday, 14 October 2016
891;892;1291;#A77D9F;Thursday, 12 July 2018
891;991;557;#84B5B2;Tuesday, 25 February 2020
892;893;5476;#84B5B2;Tuesday, 23 February 2016
892;992;3636;#5779A3;Friday, 4 May 2018
893;894;7245;#A77D9F;Wednesday, 31 July 2019
893;993;759;#6B9E59;Monday, 17 July 2017
894;895;8939;#A77D9F;Wednesday, 13 February 2019
894;994;16;#F2A2A8;Monday, 29 May 2017
895;896;5268;#A77D9F;Monday, 5 September 2016
895;995;3156;#5779A3;Thursday, 30 May 2019
896;897;5190;#F2A2A8;Wednesday, 16 January 2019
896;996;7803;#5779A3;Saturday, 17 October 2020
897;898;5971;#D1605E;Thursday, 19 May 2016
897;997;3708;#D1605E;Saturday, 16 April 2016
898;899;2449;#84B5B2;Saturday, 30 July 2016
898;998;1901;#84B5B2;Sunday, 24 January 2016
899;999;3913;#5779A3;Thursday, 15 August 2019
900;901;8198;#E59244;Wednesday, 4 October 2017
901;902;5697;#D1605E;Wednesday, 15 August 2018
902;903;4724;#E59244;Thursday, 18 October 2018
903;904;8884;#A77D9F;Monday, 22 August 2016
904;905;8200;#5779A3;Thursday, 2 June 2016
905;906;7828;#E8C960;Sunday, 27 November 2016
906;907;7479;#E59244;Thursday, 2 June 2016
907;908;8681;#E8C960;Monday, 14 October 2019
908;909;7233;#E59244;Sunday, 18 March 2018
909;910;9992;#F2A2A8;Friday, 13 September 2019
910;911;5686;#F2A2A8;Thursday, 9 July 2020
911;912;3190;#5779A3;Wednesday, 11 November 2020
912;913;4319;#E59244;Monday, 19 November 2018
913;914;7837;#6B9E59;Wednesday, 12 December 2018
914;915;2301;#A77D9F;Monday, 4 February 2019
915;916;734;#D1605E;Monday, 31 August 2020
916;917;3823;#5779A3;Thursday, 23 January 2020
917;918;1985;#D1605E;Tuesday, 27 June 2017
918;919;740;#A77D9F;Monday, 2 July 2018
919;920;1256;#6B9E59;Thursday, 16 November 2017
920;921;5672;#5779A3;Friday, 1 June 2018
921;922;4356;#E59244;Monday, 6 August 2018
922;923;2542;#6B9E59;Sunday, 11 September 2016
923;924;8922;#5779A3;Saturday, 23 June 2018
924;925;5533;#A77D9F;Sunday, 18 November 2018
925;926;3657;#6B9E59;Tuesday, 10 July 2018
926;927;467;#84B5B2;Wednesday, 6 November 2019
927;928;3110;#6B9E59;Sunday, 1 December 2019
928;929;7656;#E8C960;Friday, 27 March 2020
929;930;3817;#D1605E;Saturday, 29 April 2017
930;931;1074;#84B5B2;Saturday, 24 February 2018
931;932;4855;#E8C960;Thursday, 20 June 2019
932;933;5919;#5779A3;Wednesday, 26 April 2017
933;934;2707;#A77D9F;Monday, 7 January 2019
934;935;187;#E59244;Thursday, 29 September 2016
935;936;542;#A77D9F;Sunday, 1 October 2017
936;937;4526;#D1605E;Tuesday, 13 February 2018
937;938;7428;#6B9E59;Wednesday, 14 November 2018
938;939;7980;#E8C960;Wednesday, 29 January 2020
939;940;863;#D1605E;Sunday, 19 May 2019
940;941;700;#D1605E;Sunday, 30 October 2016
941;942;7740;#D1605E;Sunday, 2 September 2018
942;943;9108;#84B5B2;Sunday, 12 January 2020
943;944;1866;#A77D9F;Saturday, 24 March 2018
944;945;8524;#E59244;Friday, 18 March 2016
945;946;3537;#E59244;Sunday, 10 November 2019
946;947;6522;#84B5B2;Saturday, 10 June 2017
947;948;6571;#E8C960;Saturday, 7 November 2020
948;949;3680;#A77D9F;Monday, 15 July 2019
949;950;7661;#6B9E59;Friday, 11 May 2018
950;951;8833;#E59244;Friday, 11 January 2019
951;952;9496;#5779A3;Saturday, 14 March 2020
952;953;6815;#D1605E;Monday, 17 February 2020
953;954;2854;#E8C960;Saturday, 19 October 2019
954;955;9394;#6B9E59;Thursday, 11 August 2016
955;956;7588;#E59244;Saturday, 1 August 2020
956;957;6847;#6B9E59;Saturday, 21 July 2018
957;958;1685;#F2A2A8;Tuesday, 1 March 2016
958;959;6757;#5779A3;Friday, 13 April 2018
959;960;2082;#84B5B2;Tuesday, 10 December 2019
960;961;5306;#F2A2A8;Thursday, 16 March 2017
961;962;1072;#F2A2A8;Thursday, 4 October 2018
962;963;7975;#E8C960;Thursday, 15 October 2020
963;964;4449;#A77D9F;Saturday, 9 January 2016
964;965;4936;#5779A3;Saturday, 9 September 2017
965;966;6312;#A77D9F;Sunday, 9 June 2019
966;967;706;#E59244;Thursday, 29 October 2020
967;968;3779;#E59244;Tuesday, 2 April 2019
968;969;4851;#A77D9F;Wednesday, 3 August 2016
969;970;8209;#A77D9F;Saturday, 1 April 2017
970;971;4825;#5779A3;Wednesday, 26 July 2017
971;972;357;#A77D9F;Wednesday, 10 August 2016
972;973;876;#5779A3;Saturday, 11 June 2016
973;974;9531;#F2A2A8;Thursday, 13 June 2019
974;975;4456;#84B5B2;Monday, 19 June 2017
975;976;1903;#A77D9F;Thursday, 5 May 2016
976;977;5176;#E8C960;Tuesday, 17 November 2020
977;978;264;#84B5B2;Wednesday, 16 March 2016
978;979;8993;#5779A3;Wednesday, 18 December 2019
979;980;3165;#E8C960;Thursday, 8 June 2017
980;981;2838;#5779A3;Sunday, 29 May 2016
981;982;1860;#A77D9F;Sunday, 17 January 2016
982;983;6251;#E59244;Friday, 8 November 2019
983;984;2111;#6B9E59;Wednesday, 20 February 2019
984;985;1444;#E8C960;Tuesday, 27 February 2018
985;986;5809;#5779A3;Saturday, 8 February 2020
986;987;2713;#F2A2A8;Friday, 12 January 2018
987;988;4306;#5779A3;Wednesday, 27 May 2020
988;989;2541;#6B9E59;Thursday, 15 March 2018
989;990;8331;#D1605E;Sunday, 7 July 2019
990;991;2275;#A77D9F;Wednesday, 14 February 2018
991;992;805;#6B9E59;Saturday, 17 December 2016
992;993;7643;#F2A2A8;Sunday, 25 June 2017
993;994;7592;#E8C960;Monday, 15 April 2019
994;995;1053;#E8C960;Wednesday, 25 May 2016
995;996;5288;#6B9E59;Sunday, 10 February 2019
996;997;6333;#84B5B2;Monday, 8 January 2018
997;998;5014;#5779A3;Sunday, 1 November 2020
998;999;9851;#6B9E59;Friday, 1 December 2017